"","ASV_ID","portal_id","perc_id","alignment_length","mismatches","gap_opens","q_start","q_end","s_start","s_end","eval","bit_score"
"1",1,"Purli1",100,170,0,0,1,170,374,543,9.84e-88,315
"3",2,"Melbi2",91.558,154,12,1,1,153,322,475,1.18e-56,211
"5",9,"Melbi2",85.256,156,18,5,1,153,322,475,5.61e-40,156
"7",12,"Trias1",100,179,0,0,1,179,337,515,1.05e-92,331
"8",12,"Triasper1",100,179,0,0,1,179,337,515,1.05e-92,331
"64",16,"Acema1",92.81,153,11,0,1,153,431,583,5.45e-60,222
"65",27,"Melbi2",92.949,156,9,2,1,156,322,475,4.31e-61,226
"67",39,"Amore1",80.986,142,19,8,1,140,422,557,5.85e-25,106
"68",42,"Melbi2",89.116,147,13,3,1,146,322,466,3.38e-47,180
"69",48,"Melbi2",90.728,151,7,6,1,148,322,468,1.21e-51,195
"71",50,"Claim1",85.641,195,15,11,1,189,363,550,5.41e-51,193
"72",56,"Purli1",88.571,175,10,7,1,170,374,543,2.22e-54,204
"75",62,"Melbi2",91.72,157,7,6,1,154,322,475,3.3e-57,213
"77",73,"Psever1",94.34,159,6,3,1,156,339,497,1.54e-65,241
"79",74,"Ganleu1",95.146,206,5,5,1,203,357,560,2.57e-89,320
"80",79,"Amore1",85.526,152,18,4,1,150,422,571,5.48e-40,156
"81",85,"Melbi2",95.455,154,6,1,1,153,322,475,1.16e-66,244
"83",89,"Claim1",83.163,196,19,10,1,190,363,550,3.3e-43,167
"84",94,"Trigam1",99.454,183,1,0,1,183,340,522,2.95e-93,333
"142",97,"Melbi2",90.446,157,12,3,1,157,322,475,2.03e-54,204
"144",108,"Venin1",82.353,136,22,2,4,137,342,477,2.69e-28,117
"145",114,"Trimi1",96.571,175,4,2,1,173,375,549,6.08e-80,289
"202",118,"Melbi2",90.909,154,12,2,1,152,322,475,5.45e-55,206
"205",121,"Venin1",97.842,139,2,1,1,138,340,478,5.49e-65,239
"206",147,"Tripra1",80.233,172,28,6,1,169,385,553,1.77e-30,124
"207",152,"Amore1",90.511,137,11,2,1,136,422,557,3.25e-47,180
"209",155,"Hyafin1",84.507,142,18,4,1,141,417,555,2.08e-34,137
"211",160,"Metbr1",100,185,0,0,1,185,298,482,4.96e-96,342
"212",160,"Metgui1",100,185,0,0,1,185,298,482,4.96e-96,342
"214",169,"Ocuya1",83.125,160,18,9,1,154,426,582,2.05e-34,137
"215",171,"Asprobu1",90.299,134,11,2,1,133,331,463,1.69e-45,174
"393",172,"Claim1",87.037,162,15,6,1,157,363,523,1.44e-46,178
"399",179,"Melbi2",91.724,145,9,3,1,142,322,466,8.91e-53,198
"402",182,"Dacma1",92.169,166,10,3,1,165,291,454,1.03e-62,231
"407",189,"Melbi2",91.558,154,11,2,1,152,322,475,1.17e-56,211
"410",203,"Hyafin1",83.803,142,19,4,1,141,417,555,9.66e-33,132
"412",209,"Triveli1",98.333,180,2,1,1,179,367,546,1.04e-87,315
"413",209,"Trivel1",98.333,180,2,1,1,179,367,546,1.04e-87,315
"470",210,"Metal1",80.513,195,25,8,1,182,430,624,2.57e-34,137
"471",223,"Melbi2",92.949,156,8,3,1,155,322,475,1.54e-60,224
"473",229,"Psever1",84.472,161,18,6,1,156,339,497,7.41e-39,152
"474",230,"Pengl1",97.619,168,2,1,1,166,337,504,2.09e-79,287
"707",233,"Claim1",85.128,195,15,12,1,188,363,550,2.5e-49,187
"708",246,"Metma1",80.978,184,22,10,9,189,331,504,3.43e-33,134
"711",248,"Melbi2",92.857,154,9,2,1,152,322,475,5.41e-60,222
"714",256,"Claim1",86.42,162,16,6,1,157,363,523,6.76e-45,172
"720",283,"Theglo1",82.353,153,26,1,1,152,323,475,2.74e-33,134
"721",289,"Venin1",87.5,136,15,2,4,137,342,477,5.65e-40,156
"722",295,"Hyafin1",98.039,153,2,1,1,153,417,568,8.93e-73,265
"724",303,"Amore1",84.967,153,17,6,1,150,422,571,2.55e-38,150
"725",305,"Claim1",87.117,163,14,7,1,158,363,523,1.49e-46,178
"731",310,"Hyafin1",86.538,156,15,6,1,154,417,568,2.61e-43,167
"733",317,"Melbi2",89.61,154,16,0,1,154,322,475,3.33e-52,196
"734",317,"Hyafin1",89.61,154,14,2,1,154,417,568,1.2e-51,195
"735",321,"Theglo1",86.076,158,20,2,1,156,323,480,7.36e-44,169
"736",322,"Melbi2",90.909,154,12,2,1,152,322,475,5.45e-55,206
"738",331,"Melbi2",99.351,154,0,1,1,153,322,475,1.15e-76,278
"740",342,"Chafi1",87.248,149,12,6,1,145,331,476,3.57e-42,163
"741",347,"Mereb1",85.714,196,18,7,1,187,389,583,1.33e-52,198
"742",348,"Pilidi1",88.623,167,13,4,1,161,368,534,1.01e-52,198
"745",349,"Aspoer1",96.753,154,1,4,1,151,424,576,2.25e-69,254
"973",354,"Claim1",88.272,162,13,6,1,157,363,523,6.72e-50,189
"979",357,"Chafi1",87.248,149,12,6,1,145,331,476,3.57e-42,163
"981",366,"Fusavent1",86.624,157,11,6,1,151,337,489,1.08e-42,165
"983",368,"Cucbe1",81.977,172,16,11,1,163,311,476,1.01e-32,132
"985",371,"Hyafin1",85.816,141,17,3,1,140,417,555,3.4e-37,147
"987",372,"Melbi2",80.255,157,26,5,1,155,322,475,3.47e-27,113
"989",377,"Claim1",85.789,190,18,9,1,183,363,550,5.22e-51,193
"991",380,"Hyafin1",88.406,138,14,2,1,137,417,553,9.25e-43,165
"993",384,"Ocuya1",85.535,159,17,6,1,155,426,582,1.22e-41,161
"994",386,"Ilyrob1",97.093,172,5,0,1,172,389,560,1.68e-80,291
"998",397,"Psever1",90.566,159,10,5,1,154,339,497,5.53e-55,206
"999",414,"Ganleu1",92.271,207,10,6,1,204,357,560,7.3e-80,289
"1000",417,"Penatra1",98.837,172,1,1,1,171,339,510,5.96e-85,305
"1001",417,"Penra1",98.837,172,1,1,1,171,356,527,5.96e-85,305
"1236",420,"Hyafin1",83.439,157,17,9,1,153,417,568,2.03e-34,137
"1238",424,"Fusavent1",87.742,155,11,6,1,149,337,489,1.78e-45,174
"1240",426,"Theglo1",81.366,161,23,7,1,157,323,480,4.53e-31,126
"1241",427,"Fusnyg1",88.701,177,13,7,1,175,331,502,4.94e-56,209
"1243",428,"Amore1",90,150,14,1,1,149,422,571,4.15e-51,193
"1244",431,"Melbi2",87.742,155,16,3,1,153,322,475,1.2e-46,178
"1245",437,"Claim1",84.103,195,17,12,1,188,363,550,5.42e-46,176
"1246",443,"Tricr1",100,177,0,0,1,177,408,584,1.32e-91,327
"1305",445,"Venin1",82.639,144,18,6,1,141,340,479,2.23e-29,121
"1306",458,"Extant1",88.235,153,15,3,1,151,305,456,3.28e-47,180
"1307",465,"Ganleu1",97.561,205,4,1,1,205,357,560,3.32e-98,350
"1308",475,"Theglo1",81.646,158,23,4,1,152,323,480,4.36e-31,126
"1309",479,"Crafun1",83.962,212,23,6,1,202,448,658,6.2e-51,193
"1310",483,"Plucer1",95.876,194,8,0,1,194,440,633,1.14e-87,315
"1311",487,"Mereb1",81.188,202,21,10,1,188,389,587,4.85e-37,147
"1312",490,"Amore1",84.967,153,18,5,1,151,422,571,2.57e-38,150
"1313",501,"Melbi2",82.803,157,21,6,1,154,322,475,7.36e-34,135
"1314",510,"Tribre1",97.714,175,2,2,1,173,350,524,2.81e-83,300
"1315",510,"Tribrev1",97.714,175,2,2,1,173,350,524,2.81e-83,300
"1373",516,"Trispi1_2",99.432,176,1,0,1,176,405,580,2.2e-89,320
"1432",531,"Asphai1",88.158,152,11,7,1,151,303,448,1.83e-45,174
"1621",533,"Aspfu_P4SB_1",97.403,154,3,1,1,154,438,590,1.33e-71,261
"1856",534,"Amore1",89.781,137,12,2,1,136,422,557,1.51e-45,174
"1857",545,"Amore1",85.256,156,15,8,1,154,422,571,2.03e-39,154
"1858",553,"Melbi2",91.613,155,11,2,1,154,322,475,3.3e-57,213
"1860",555,"Psever1",80.263,152,21,9,1,148,339,485,5.98e-25,106
"1861",568,"Theglo1",85.443,158,21,2,1,156,323,480,9.52e-43,165
"1862",569,"Claim1",83.333,162,21,6,1,157,363,523,1.48e-36,145
"1868",570,"Claim1",78.351,194,24,11,1,182,363,550,5.38e-26,110
"1869",572,"Melbi2",90.909,154,12,2,1,152,322,475,5.45e-55,206
"1871",574,"Claim1",86.631,187,18,7,1,183,363,546,3.22e-53,200
"1877",584,"Melbi2",83.571,140,17,6,1,137,322,458,4.43e-31,126
"1878",585,"Trichl1",95.745,188,3,3,1,188,376,558,1.11e-82,298
"1936",599,"Acema1",92.857,154,9,2,1,153,431,583,5.45e-60,222
"1937",612,"Acema1",90.85,153,14,0,1,153,431,583,5.49e-55,206
"1938",622,"Venin1",96.377,138,4,1,1,137,340,477,4.28e-61,226
"1939",626,"Ganleu1",91.787,207,10,6,1,203,357,560,1.22e-77,281
"1940",627,"Trifer1",99.429,175,1,0,1,175,344,518,7.86e-89,318
"1996",631,"Psever1",88.112,143,12,5,1,140,339,479,9.45e-43,165
"1998",644,"Exoalc1",88.304,171,17,3,1,171,362,529,9.42e-54,202
"1999",644,"Exoalc1_J33",88.304,171,17,3,1,171,362,529,9.42e-54,202
"2003",648,"Melbi2",98.052,154,3,0,1,154,322,475,6.95e-74,268
"2005",674,"Pilidi1",95.349,172,8,0,1,172,368,539,1.69e-75,274
"2006",680,"Pencit1",95.977,174,2,5,1,173,338,507,1.32e-76,278
"2221",692,"Talat1",89.189,148,6,3,1,138,304,451,4.65e-46,176
"2222",699,"Melbi2",92.143,140,10,1,1,140,322,460,3.3e-52,196
"2224",703,"Psever1",98.113,159,0,3,1,156,339,497,1.52e-75,274
"2225",705,"Talis1",80.392,153,15,10,1,150,367,507,8.56e-24,102
"2226",707,"Hyafin1",95.425,153,6,1,1,153,417,568,4.18e-66,243
"2228",712,"Clasph1",94.34,159,8,1,1,158,321,479,4.34e-66,243
"2233",731,"Claim1",87.719,171,10,5,1,169,363,524,7.33e-50,189
"2235",762,"Lipstar1_1",98.429,191,3,0,1,191,283,473,2.39e-94,337
"2236",762,"Lst7536_1",98.429,191,3,0,1,191,283,473,2.39e-94,337
"2237",762,"Lipsta1_1",98.429,191,3,0,1,191,283,473,2.39e-94,337
"2238",762,"Lst8064_1",98.429,191,3,0,1,191,283,473,2.39e-94,337
"2239",762,"Lst7851_1",98.429,191,3,0,1,191,283,473,2.39e-94,337
"2240",762,"Lipstark1_1",98.429,191,3,0,1,191,283,473,2.39e-94,337
"2251",764,"Melbi2",89.103,156,11,6,1,152,322,475,5.49e-50,189
"2255",768,"Claim1",89.375,160,12,5,1,159,363,518,4.14e-52,196
"2259",784,"Theglo1",86.164,159,19,3,1,157,323,480,7.42e-44,169
"2261",809,"Hyafin1",86.957,138,15,3,4,140,419,554,7.41e-39,152
"2275",826,"Aspneof1",85.915,142,11,8,1,138,336,472,4.72e-36,143
"2276",826,"Aspfre1",85.915,142,11,8,1,138,337,473,4.72e-36,143
"2277",826,"Asptem1",85.915,142,11,8,1,138,350,486,4.72e-36,143
"2278",826,"Asptem1",85.915,142,11,8,1,138,338,474,4.72e-36,143
"2346",833,"Darbet1",93.548,155,7,3,1,154,379,531,1.28e-61,228
"2351",846,"Hyafin1",85.106,141,18,3,1,140,417,555,1.58e-35,141
"2353",856,"Plucer1",100,194,0,0,1,194,440,633,5.19e-101,359
"2354",866,"Claim1",85.802,162,16,6,1,161,363,518,1.18e-42,165
"2360",867,"Penci1",94.156,154,9,0,1,154,304,457,8.14e-64,235
"2590",880,"Melbi2",91.613,155,10,3,1,155,322,473,1.21e-56,211
"2591",887,"Claim1",87.805,164,12,8,1,159,363,523,8.85e-49,185
"2596",890,"Melbi2",93.836,146,8,1,1,146,322,466,7.16e-59,219
"2597",897,"Colin1",95.181,166,5,3,1,164,348,512,4.49e-71,259
"2620",927,"Babin1",82.759,203,18,12,1,192,371,567,1.3e-42,165
"2621",936,"Umban1",94.964,139,6,1,1,139,344,481,2.35e-58,217
"2622",948,"Favcal1_2",79.825,228,25,16,1,214,473,693,4.9e-37,147
"2623",952,"Rhyag1",81.013,158,21,8,1,150,486,642,2.59e-28,117
"2624",954,"Acema1",88.489,139,13,3,1,138,431,567,9.39e-43,165
"2629",967,"Exosi1",86.503,163,17,4,1,162,350,508,2.09e-45,174
"2631",971,"Fusnyg1",90.173,173,15,2,1,172,331,502,1.73e-60,224
"2633",976,"Truan1",77.586,174,21,12,1,171,355,513,6.62e-20,89.8
"2634",977,"Chafi1",85.455,165,17,6,1,161,331,492,9.87e-43,165
"2635",980,"Melbi2",92.949,156,9,2,1,156,322,475,4.31e-61,226
"2637",1003,"NsAZ0576_1",99.422,173,1,0,1,173,294,466,1e-87,315
"2638",1003,"NsCB679_1",99.422,173,1,0,1,173,294,466,1e-87,315
"2639",1003,"NsAK0226_1",99.422,173,1,0,1,173,294,466,1e-87,315
"2641",1014,"Apibac1",85.093,161,16,8,1,158,314,469,1.7e-40,158
"2642",1015,"Mereb1",81.218,197,23,7,1,185,389,583,4.85e-37,147
"2643",1017,"Metbr1",81.347,193,19,13,9,200,306,482,2.12e-35,141
"2644",1017,"Metgui1",81.347,193,19,13,9,200,306,482,2.12e-35,141
"2645",1022,"Claim1",82.812,192,20,12,1,183,363,550,5.3e-41,159
"2646",1025,"Ilyrob1",80,180,26,9,1,178,389,560,1.87e-30,124
"2647",1025,"Neobo1",80,175,26,8,1,172,349,517,2.42e-29,121
"2650",1041,"Purli1",97.059,170,2,3,1,167,374,543,2.72e-78,283
"2652",1048,"Tripra1",80.982,163,25,6,1,160,385,544,1.78e-30,124
"2653",1052,"Hyafin1",87.097,155,16,4,1,154,417,568,5.61e-45,172
"2655",1080,"Theglo1",79.874,159,25,5,1,153,323,480,1.23e-26,111
"2656",1085,"Triafa1",99.451,182,0,1,1,182,360,540,3.79e-92,329
"2657",1085,"Tricam1",99.451,182,0,1,1,182,359,539,3.79e-92,329
"2714",1088,"OphpiCECT20416_2",83.978,181,17,7,1,170,356,535,4.47e-42,163
"2715",1089,"Melbi2",90,150,9,5,1,147,322,468,5.61e-50,189
"2717",1108,"Theglo1",82.468,154,22,5,1,150,323,475,3.5e-32,130
"2719",1116,"Rhyag1",87.261,157,19,1,1,156,486,642,1.22e-46,178
"2721",1120,"Fonmo1",85.294,170,13,7,1,158,367,536,1.17e-42,165
"2722",1125,"Claim1",86.42,162,16,6,1,157,363,523,6.85e-45,172
"2728",1126,"Plucer1",96.41,195,6,1,1,195,440,633,2.46e-89,320
"2729",1128,"Fusnyg1",89.143,175,14,5,1,173,331,502,3.77e-57,213
"2731",1129,"Venin1",97.163,141,3,1,1,140,340,480,2.02e-64,237
"2732",1135,"Emepa1",82.192,146,14,8,10,148,370,510,1.09e-27,115
"2738",1142,"Melbi2",82.424,165,15,9,1,162,322,475,1.01e-32,132
"2740",1144,"Fusavent1",83.333,180,21,7,1,174,337,513,1.8e-40,158
"2743",1149,"Tolinf1",91.124,169,7,5,1,169,320,480,6.1e-60,222
"2744",1153,"Claim1",85.185,162,18,6,1,157,363,523,1.46e-41,161
"2750",1159,"Acema1",92.857,154,9,2,1,153,431,583,5.45e-60,222
"2751",1179,"Mereb1",81.538,195,22,7,1,183,389,581,1.35e-37,148
"2752",1195,"Trigha1",91.005,189,10,4,1,188,421,603,1.13e-67,248
"2808",1196,"Melbi2",91.72,157,9,3,1,156,322,475,9.32e-58,215
"2810",1200,"Melbi2",91.772,158,7,5,1,156,322,475,9.32e-58,215
"2812",1205,"Crafun1",81.675,191,22,11,30,211,490,676,4.82e-37,147
"2813",1206,"Melbi2",90.26,154,12,3,1,151,322,475,9.05e-53,198
"2814",1208,"OphpiCECT20416_2",84.53,181,15,8,1,169,356,535,3.36e-43,167
"2816",1213,"Dacma1",90.361,166,13,3,1,165,291,454,1.03e-57,215
"2821",1219,"Apibac1",82.738,168,17,12,1,163,314,474,6.07e-35,139
"2822",1228,"Trimi1",97.727,176,2,2,1,175,375,549,7.92e-84,302
"2880",1236,"Diaam1",85.542,166,21,3,1,164,304,468,2.24e-44,171
"2882",1238,"Lacpse1",85.926,135,9,2,1,125,391,525,4.61e-35,139
"2883",1242,"Triham1",98.333,180,3,0,1,180,391,570,2.92e-88,316
"2940",1244,"Melbi2",89.333,150,10,4,1,147,322,468,2.61e-48,183
"2942",1252,"Claim1",84.817,191,16,11,1,181,363,550,4.02e-47,180
"2943",1256,"Bimnz1",90.244,164,14,1,1,162,366,529,3.5e-57,213
"2949",1259,"Melbi2",86.331,139,16,3,1,138,322,458,9.38e-38,148
"2950",1273,"Claim1",86.42,162,16,6,1,157,363,523,6.89e-45,172
"2956",1276,"Melbi2",89.677,155,15,1,1,155,322,475,3.35e-52,196
"2958",1280,"Crafun1",82.174,230,24,10,1,214,448,676,1.34e-47,182
"2959",1281,"Melbi2",87.097,155,16,4,1,152,322,475,5.53e-45,172
"2960",1287,"Ocuya1",81.595,163,16,13,1,155,426,582,5.77e-30,122
"2961",1293,"Macan1",99.39,164,1,0,1,164,298,461,9.52e-83,298
"2964",1294,"Melbi2",90.728,151,8,5,1,149,322,468,3.4e-52,196
"2966",1299,"Chale1",93.252,163,8,3,1,160,462,624,2.05e-64,237
"2967",1299,"Chafi1",93.252,163,7,3,1,160,331,492,2.05e-64,237
"2974",1305,"Melbi2",92.857,140,7,3,1,138,322,460,2.52e-53,200
"2977",1311,"Ganleu1",87.64,178,15,6,1,173,357,532,3.44e-53,200
"2979",1316,"Hyafin1",91.156,147,11,2,1,147,417,561,9.46e-53,198
"2980",1321,"Xylbam139988_1",89.286,168,15,3,1,166,364,530,1.67e-55,207
"2982",1326,"Melbi2",79.747,158,24,7,1,154,322,475,1.6e-25,108
"2984",1327,"Fonmo1",84.706,170,13,8,1,157,367,536,1.94e-40,158
"2985",1344,"Melbi2",95.455,154,6,1,1,153,322,475,1.16e-66,244
"2987",1361,"Melbi2",87.324,142,13,5,1,140,322,460,1.56e-40,158
"2989",1371,"Tripra1",81.503,173,21,11,1,166,385,553,1.04e-32,132
"2990",1372,"Trimi1",97.727,176,3,1,1,176,375,549,7.97e-84,302
"3048",1374,"Hyafin1",78.75,160,21,10,1,155,417,568,1.26e-21,95.3
"3049",1384,"Claim1",87.363,182,16,7,1,178,363,541,8.84e-54,202
"3055",1395,"Trias1",99.422,173,1,0,1,173,337,509,1.06e-87,315
"3056",1395,"Triasper1",99.422,173,1,0,1,173,337,509,1.06e-87,315
"3113",1401,"Melbi2",92.715,151,9,2,4,154,327,475,2.55e-58,217
"3116",1405,"Exosi1",85.276,163,14,10,1,156,350,509,5.17e-41,159
"3117",1407,"Melbi2",91.613,155,9,4,1,152,322,475,1.17e-56,211
"3120",1417,"Amore1",89.404,151,13,3,1,149,422,571,1.93e-49,187
"3121",1423,"Theglo1",83.66,153,23,2,1,151,323,475,1.26e-36,145
"3122",1430,"Triaus1",96.774,186,6,0,1,186,351,536,1.41e-86,311
"3171",1437,"TriatSC1_1",98.919,185,2,0,1,185,370,554,1.07e-92,331
"3172",1437,"Triatro1",98.919,185,2,0,1,185,370,554,1.07e-92,331
"3173",1437,"Triatrov1",98.919,185,2,0,1,185,370,554,1.07e-92,331
"3174",1437,"Triatr1",98.919,185,2,0,1,185,370,554,1.07e-92,331
"3229",1438,"Dacma1",100,164,0,0,1,164,291,454,2.13e-84,303
"3233",1449,"Tripare1",85.938,192,14,8,1,190,370,550,5.45e-51,193
"3274",1458,"Purli1",93.21,162,7,4,1,159,374,534,7.78e-64,235
"3276",1471,"Acema1",93.548,155,7,3,1,154,431,583,1.18e-61,228
"3277",1476,"Melbi2",86.076,158,14,7,1,154,322,475,3.38e-42,163
"3278",1479,"Cucbe1",79.755,163,21,8,1,155,311,469,1.71e-25,108
"3279",1485,"Melbi2",90.968,155,11,3,1,153,322,475,5.49e-55,206
"3281",1492,"Acema1",92.903,155,8,3,1,154,431,583,5.49e-60,222
"3282",1508,"Trinov1",84.868,152,17,6,1,148,387,536,1.09e-37,148
"3287",1514,"Melbi2",89.262,149,12,4,1,147,322,468,2.61e-48,183
"3288",1519,"Melbi2",89.677,155,14,2,1,154,322,475,3.33e-52,196
"3290",1522,"Melbi2",89.116,147,12,4,1,145,322,466,3.35e-47,180
"3291",1523,"Melbi2",92.857,154,9,2,1,152,322,475,5.41e-60,222
"3293",1528,"Claim1",85.802,162,17,6,1,157,363,523,3.17e-43,167
"3299",1533,"Claim1",88.69,168,9,8,1,165,363,523,4.31e-52,196
"3305",1535,"Tripra1",80.233,172,27,7,1,168,385,553,6.32e-30,122
"3306",1542,"Hyafin1",97.386,153,3,1,1,153,417,568,4.15e-71,259
"3308",1543,"Paront1",97.024,168,3,2,1,166,324,491,9.72e-78,281
"3310",1558,"Penca1",82,150,23,4,1,150,337,482,1.82e-30,124
"3389",1562,"Trichl1",80.625,160,16,12,1,147,376,533,5.05e-26,110
"3391",1574,"Melbi2",88.079,151,10,7,1,147,322,468,5.65e-45,172
"3393",1591,"Melbi2",89.404,151,9,6,1,148,322,468,2.63e-48,183
"3395",1594,"Melbi2",78.344,157,28,6,1,154,322,475,3.47e-22,97.1
"3396",1594,"Hyafin1",78.344,157,26,8,1,154,417,568,1.25e-21,95.3
"3397",1600,"Hyafin1",85.621,153,17,5,1,149,417,568,5.44e-40,156
"3398",1603,"Mycgr3",82.692,156,11,6,1,140,349,504,1.57e-30,124
"3400",1605,"Melbi2",89.404,151,10,5,1,149,322,468,7.36e-49,185
"3402",1607,"Tappo1",78.534,191,24,11,32,208,406,593,6.23e-26,110
"3403",1616,"Psever1",76.667,150,30,5,1,148,339,485,1.3e-16,78.7
"3404",1618,"Melbi2",88.608,158,13,5,1,157,322,475,2.05e-49,187
"3405",1621,"Trimi1",94.35,177,7,3,1,176,375,549,8.08e-74,268
"3452",1623,"Chale1",96.933,163,3,2,1,161,462,624,5.65e-75,272
"3462",1626,"Favcal1_2",79.476,229,20,21,1,210,473,693,2.89e-34,137
"3463",1641,"Melbi2",96.104,154,5,1,1,153,322,475,2.5e-68,250
"3467",1642,"Fonmo1",88.304,171,7,11,1,160,367,535,5.48e-51,193
"3471",1643,"Bimnz1",90.345,145,10,3,1,144,366,507,2.15e-49,187
"3473",1644,"Amore1",83.66,153,20,5,1,151,422,571,5.56e-35,139
"3474",1654,"Melbi2",93.548,155,8,2,1,154,322,475,3.28e-62,230
"3477",1656,"Crafun1",80.714,140,16,5,3,132,538,676,8.18e-23,99
"3478",1658,"Crafun1",77.907,172,28,8,28,192,490,658,1.34e-22,99
"3479",1661,"Melbi2",92.308,156,8,4,1,154,322,475,7.1e-59,219
"3481",1671,"Ocuya1",93.631,157,10,0,1,157,426,582,7.21e-64,235
"3483",1675,"Gelte1",100,160,0,0,1,160,380,539,3.33e-82,296
"3484",1680,"Psever1",81.046,153,21,7,1,147,339,489,9.73e-28,115
"3485",1690,"Hyafin1",81.013,158,21,8,1,155,417,568,2.69e-28,117
"3486",1703,"Fusnyg1",90.173,173,15,2,1,172,331,502,1.73e-60,224
"3488",1709,"Theglo1",84.375,160,20,5,1,157,323,480,7.47e-39,152
"3489",1715,"Acema1",91.503,153,12,1,1,152,431,583,4.21e-56,209
"3490",1725,"Neobo1",90.857,175,12,4,1,172,349,522,1.03e-62,231
"3494",1729,"MohoAD009_1",100,108,0,0,1,108,459,566,1.72e-53,200
"3495",1729,"MohoCK413_1",100,108,0,0,1,108,459,566,1.72e-53,200
"3496",1729,"MoclKOD947_1",100,108,0,0,1,108,458,565,1.72e-53,200
"3497",1729,"MoclAM1000_1",100,108,0,0,1,108,458,565,1.72e-53,200
"3502",1755,"Pbia18534_1",100,170,0,0,1,170,426,595,9.84e-88,315
"3666",1756,"Melbi2",90.604,149,10,4,1,147,322,468,1.21e-51,195
"3668",1758,"Favcal1_2",77.586,232,23,14,1,214,473,693,4.97e-27,113
"3669",1762,"Melbi2",90.968,155,12,2,1,154,322,475,1.54e-55,207
"3670",1768,"Trimi1",98.864,176,1,1,1,176,375,549,3.68e-87,313
"3729",1773,"Triei1",96.196,184,4,3,1,184,367,547,1.08e-82,298
"3758",1776,"Melbi2",92.466,146,9,2,1,144,322,467,1.5e-55,207
"3760",1781,"Melbi2",88.535,157,13,5,1,155,322,475,7.26e-49,185
"3763",1783,"Hyafin1",89.61,154,13,3,1,153,417,568,4.27e-51,193
"3765",1787,"NsAZ0576_1",87.578,161,17,3,1,161,294,451,3.01e-48,183
"3766",1787,"NsCB679_1",87.578,161,17,3,1,161,294,451,3.01e-48,183
"3767",1787,"NsAK0226_1",87.578,161,17,3,1,161,294,451,3.01e-48,183
"3768",1795,"Tolinf1",98.16,163,1,2,1,163,320,480,2.65e-78,283
"3770",1801,"MoscN6426_1",92.655,177,12,1,38,214,387,562,2.81e-69,254
"3774",1802,"Melbi2",92.949,156,8,2,1,155,322,475,1.54e-60,224
"3776",1810,"Melbi2",83.974,156,19,6,1,152,322,475,1.2e-36,145
"3778",1813,"Hyafin1",94.805,154,6,1,1,154,417,568,5.45e-65,239
"3780",1814,"Venin1",97.037,135,3,1,1,134,340,474,4.25e-61,226
"3781",1816,"Extant1",87.742,155,13,5,1,152,305,456,4.27e-46,176
"3782",1817,"Melbi2",92.903,155,10,1,1,155,322,475,1.54e-60,224
"3784",1828,"Psever1",78.873,142,25,5,1,139,339,478,1.62e-20,91.6
"3785",1830,"Hyafin1",84.967,153,18,4,1,149,417,568,2.53e-38,150
"3786",1842,"Melbi2",92.308,156,8,4,1,154,322,475,7.1e-59,219
"3788",1851,"Diaam1",84.94,166,19,5,1,161,304,468,3.67e-42,163
"3790",1862,"Acema1",92.258,155,9,3,1,154,431,583,2.55e-58,217
"3791",1871,"Purli1",89.326,178,8,9,1,175,374,543,3.82e-57,213
"3794",1877,"Psever1",76.712,146,22,8,1,140,339,478,2.14e-14,71.3
"3795",1884,"Melbi2",91.139,158,8,6,1,156,322,475,4.34e-56,209
"3797",1885,"Morhum1",100,144,0,0,1,144,341,484,2.32e-73,267
"3798",1885,"MohuKOD1050_1",100,144,0,0,1,144,341,484,2.32e-73,267
"3807",1890,"Claim1",87.037,162,15,6,1,157,363,523,1.46e-46,178
"3808",1893,"AurpulNBB1",100,147,0,0,1,147,340,486,5.77e-75,272
"3809",1893,"Aurpu_var_pul1",100,147,0,0,1,147,340,486,5.77e-75,272
"3810",1893,"Aurpu1",100,147,0,0,1,147,340,486,5.77e-75,272
"3811",1908,"Melbi2",90.323,155,11,4,1,152,322,475,2.54e-53,200
"3813",1912,"Chafi1",94.479,163,8,1,1,163,331,492,2.69e-68,250
"3825",1916,"Parchr1",86.667,165,7,6,1,165,353,502,7.84e-44,169
"3826",1916,"Parch1",86.667,165,7,6,1,165,353,502,7.84e-44,169
"3827",1930,"Melbi2",91.613,155,11,2,1,154,322,475,3.3e-57,213
"3828",1935,"Claim1",87.179,156,14,6,1,151,363,517,6.76e-45,172
"3833",1937,"Hyafin1",89.744,156,11,5,1,155,417,568,1.21e-51,195
"3835",1939,"Melbi2",91.824,159,6,6,1,157,322,475,9.39e-58,215
"3837",1951,"Amore1",90.728,151,11,3,1,149,422,571,8.91e-53,198
"3838",1957,"Melbi2",89.933,149,9,5,1,147,322,466,2.03e-49,187
"3840",1959,"Hyafin1",79.747,158,23,8,1,155,417,568,5.81e-25,106
"3841",1968,"Crafun1",81.437,167,19,9,3,160,513,676,4.62e-31,126
"3842",1975,"Chafi1",87.5,144,12,5,1,141,331,471,1.28e-41,161
"3843",1977,"Melbi2",90.909,154,14,0,1,154,322,475,1.54e-55,207
"3845",1984,"Claim1",87.113,194,14,9,1,189,363,550,5.38e-56,209
"3851",1990,"Hyafin1",87.097,155,16,4,1,154,417,568,5.61e-45,172
"3852",1995,"Fonmo1",85.882,170,15,6,1,161,367,536,7.22e-45,172
"3857",1996,"Melbi2",92.208,154,10,2,1,152,322,475,2.52e-58,217
"3859",2000,"Crafun1",77.209,215,24,13,1,194,448,658,1.05e-23,102
"3860",2001,"Aspall1",81.457,151,13,11,1,141,342,487,5.21e-26,110
"3865",2007,"Venin1",97.143,140,3,1,1,139,340,479,7.16e-64,235
"3866",2009,"Amore1",90.066,151,14,1,1,151,422,571,1.17e-51,195
"3867",2016,"Melbi2",90.909,154,11,3,1,151,322,475,1.95e-54,204
"3871",2017,"Melbi2",90.345,145,12,2,1,143,322,466,5.41e-50,189
"3872",2029,"Trialn1",100,180,0,0,1,180,345,524,2.9e-93,333
"3930",2032,"Psever1",92.453,159,9,3,1,156,339,497,1.55e-60,224
"3931",2042,"Pensol1",100,173,0,0,1,173,359,531,2.16e-89,320
"3932",2042,"Pensoli1",100,173,0,0,1,173,359,531,2.16e-89,320
"3933",2042,"Psol18327_1",100,173,0,0,1,173,359,531,2.16e-89,320
"4168",2047,"Melbi2",87.097,155,16,3,1,152,322,475,5.53e-45,172
"4170",2056,"Didma1",98.182,165,2,1,1,165,299,462,2.08e-79,287
"4173",2062,"Theglo1",80.519,154,25,5,1,150,323,475,9.87e-28,115
"4174",2064,"Aspparv1",99.435,177,0,1,1,176,328,504,2.2e-89,320
"4175",2064,"Aspcer1",99.435,177,0,1,1,176,328,504,2.2e-89,320
"4402",2066,"Melbi2",90.968,155,11,3,1,153,322,475,5.49e-55,206
"4404",2068,"Favcal1_2",80.769,130,14,9,1,127,572,693,1.31e-20,91.6
"4405",2083,"Melbi2",90.323,155,12,3,1,153,322,475,2.55e-53,200
"4407",2092,"Melbi2",92.357,157,8,4,1,156,322,475,2e-59,220
"4409",2107,"Melbi2",90.446,157,11,4,1,156,322,475,2.02e-54,204
"4411",2108,"Tripare1",88.764,178,9,9,1,176,370,538,1.91e-55,207
"4456",2127,"Psever1",81.208,149,23,5,1,146,339,485,9.87e-28,115
"4457",2140,"Altar1",99.405,168,0,1,1,168,329,495,2.1e-84,303
"4464",2141,"Melbi2",84.076,157,19,6,1,154,322,475,3.4e-37,147
"4466",2143,"Hyafin1",98.039,153,2,1,1,153,417,568,8.93e-73,265
"4468",2155,"Melbi2",91.72,157,10,3,1,157,322,475,9.39e-58,215
"4469",2157,"NsAZ0576_1",91.379,174,14,1,1,174,294,466,2.25e-64,237
"4470",2157,"NsCB679_1",91.379,174,14,1,1,174,294,466,2.25e-64,237
"4471",2157,"NsAK0226_1",91.379,174,14,1,1,174,294,466,2.25e-64,237
"4473",2164,"Melbi2",97.931,145,2,1,1,144,322,466,2.46e-68,250
"4475",2165,"Melbi2",89.937,159,8,7,1,156,322,475,9.39e-53,198
"4477",2168,"Tolinf1",88.235,170,11,5,1,170,320,480,1.34e-51,195
"4478",2217,"Extant1",78.344,157,22,9,1,150,305,456,1.57e-20,91.6
"4479",2221,"Melbi2",90.667,150,8,5,1,147,322,468,1.21e-51,195
"4481",2222,"Hyafin1",88.961,154,14,3,1,153,417,568,1.99e-49,187
"4482",2224,"Neobo1",100,174,0,0,1,174,349,522,6.04e-90,322
"4487",2226,"Melbi2",89.865,148,13,2,1,147,322,468,5.69e-50,189
"4489",2228,"Nemabo1",83.908,174,19,6,1,167,444,615,1.72e-40,158
"4490",2232,"Claim1",85.093,161,17,7,1,155,364,523,1.88e-40,158
"4496",2246,"Venin1",89.286,140,12,3,4,141,342,480,5.65e-45,172
"4497",2250,"Horwer1",81.379,145,18,9,1,140,311,451,4.46e-26,110
"4498",2253,"Favcal1_2",88.372,129,4,9,1,124,473,595,9.64e-37,145
"4499",2257,"Melbi2",89.103,156,14,3,1,155,322,475,1.56e-50,191
"4501",2260,"Diaam1",82.222,180,17,6,1,180,304,468,1.94e-35,141
"4502",2272,"Theglo1",79.503,161,21,10,1,152,323,480,2.04e-24,104
"4503",2273,"Melbi2",90.968,155,11,3,1,153,322,475,5.49e-55,206
"4504",2275,"Favcal1_2",85.87,184,10,9,43,214,514,693,1.34e-47,182
"4505",2278,"Trihel1",92.432,185,14,0,1,185,376,560,1.1e-72,265
"4562",2281,"Acema1",92.208,154,10,2,1,153,431,583,2.54e-58,217
"4563",2288,"Chafi1",85.235,149,16,4,1,145,331,477,9.87e-38,148
"4565",2293,"Melbi2",91.667,156,7,6,1,152,322,475,1.17e-56,211
"4568",2294,"Aspoer1",94.872,156,5,3,1,154,424,578,1.71e-65,241
"4701",2310,"Exoalc1",82.635,167,16,10,1,154,362,528,8.77e-34,135
"4702",2310,"Exoalc1_J33",82.635,167,16,10,1,154,362,528,8.77e-34,135
"4703",2314,"Melbi2",91.892,148,10,2,1,147,322,468,5.57e-55,206
"4705",2315,"Melbi2",90.26,154,13,2,1,152,322,475,2.54e-53,200
"4707",2316,"Claim1",82.353,170,20,8,1,163,363,529,7.03e-35,139
"4712",2319,"HyprubER1909_1",92.216,167,11,2,1,167,371,535,7.93e-64,235
"4713",2319,"Hyprub1",92.216,167,11,2,1,167,371,535,7.93e-64,235
"4714",2323,"Melbi2",91.096,146,11,2,1,145,322,466,3.33e-52,196
"4716",2325,"Melbi2",91.72,157,10,3,1,157,322,475,9.39e-58,215
"4718",2337,"Fusavent1",87.097,155,12,5,1,149,337,489,8.27e-44,169
"4722",2339,"Clamic1",94.521,146,5,2,1,146,364,506,5.73e-60,222
"4725",2354,"Amore1",85.075,134,19,1,1,133,422,555,7.09e-34,135
"4726",2355,"Melbi2",82.166,157,21,7,1,153,322,475,1.22e-31,128
"4728",2356,"Hyafin1",98.039,153,1,2,1,152,417,568,8.86e-73,265
"4732",2362,"Penci1",91.083,157,10,4,1,156,304,457,5.03e-56,209
"4795",2368,"Exoalc1",89.349,169,17,1,1,169,362,529,1.56e-56,211
"4796",2368,"Exoalc1_J33",89.349,169,17,1,1,169,362,529,1.56e-56,211
"4801",2369,"Amore1",84.106,151,22,2,1,150,422,571,1.19e-36,145
"4802",2373,"Acema1",94.161,137,8,0,1,137,431,567,4.18e-56,209
"4803",2378,"Claim1",87.037,162,15,6,1,157,363,523,1.45e-46,178
"4809",2381,"Amore1",77.181,149,26,8,1,147,422,564,3.52e-17,80.5
"4810",2382,"Claim1",88.889,162,12,6,1,157,363,523,1.47e-51,195
"4816",2385,"Melbi2",84.713,157,17,7,1,153,322,475,2.61e-38,150
"4818",2393,"Melbi2",92.199,141,6,5,1,139,322,459,1.2e-51,195
"4819",2397,"Melbi2",91.72,157,6,7,1,153,322,475,1.18e-56,211
"4821",2402,"PleosDSM11191_1",97.129,209,4,1,1,207,416,624,9.33e-99,351
"4822",2402,"PleosPC9_1",97.129,209,4,1,1,207,416,624,9.33e-99,351
"4823",2408,"Hyafin1",86.275,153,16,5,1,149,417,568,1.17e-41,161
"4824",2463,"Purli1",80.791,177,12,16,1,171,374,534,8.77e-29,119
"4886",2469,"Aspmic1",93.478,138,6,3,1,135,347,484,7.84e-54,202
"5116",2471,"Aspmic1",95.745,141,3,2,1,140,347,485,1.74e-60,224
"5277",2472,"Melbi2",87.143,140,13,5,1,138,322,458,2.05e-39,154
"5279",2491,"Claim1",86.631,187,19,6,1,184,363,546,8.99e-54,202
"5286",2497,"Melbi2",87.919,149,13,5,1,146,322,468,2.02e-44,171
"5299",2501,"Asppol1",95.139,144,4,3,1,142,339,481,1.77e-60,224
"5518",2511,"Acema1",91.558,154,12,1,1,154,431,583,1.19e-56,211
"5519",2513,"Melbi2",85.35,157,17,6,1,154,322,475,1.57e-40,158
"5520",2516,"Melbi2",92.208,154,11,1,1,153,322,475,2.54e-58,217
"5522",2517,"Amore1",85.806,155,15,5,1,153,422,571,1.56e-40,158
"5523",2524,"Truan1",100,159,0,0,1,159,355,513,1.21e-81,294
"5524",2531,"Xylbam139988_1",91.071,168,11,4,1,165,364,530,1.65e-60,224
"5526",2532,"Pfru18276_1",96.571,175,3,3,1,172,312,486,2.17e-79,287
"5758",2535,"Acema1",92.208,154,11,1,1,154,431,583,2.55e-58,217
"5760",2541,"Exoalc1",87.582,153,14,4,1,151,362,511,7.01e-45,172
"5761",2541,"Exoalc1_J33",87.582,153,14,4,1,151,362,511,7.01e-45,172
"5764",2546,"Rhyag1",83.019,159,18,9,1,152,486,642,7.25e-34,135
"5766",2552,"Claim1",85.492,193,17,11,1,187,363,550,1.92e-50,191
"5767",2555,"NsAZ0576_1",94.828,174,8,1,1,174,294,466,2.22e-74,270
"5768",2555,"NsCB679_1",94.828,174,8,1,1,174,294,466,2.22e-74,270
"5769",2555,"NsAK0226_1",94.828,174,8,1,1,174,294,466,2.22e-74,270
"5772",2560,"Paront1",94.675,169,5,4,1,166,324,491,4.55e-71,259
"5775",2563,"Triham1",96.154,182,5,1,1,182,391,570,3.85e-82,296
"5831",2565,"Melbi2",90.385,156,12,3,1,155,322,475,7.21e-54,202
"5832",2568,"Racan1",81.507,146,17,7,1,141,327,467,1.25e-26,111
"5833",2569,"Melbi2",91.083,157,11,3,1,157,322,475,4.37e-56,209
"5835",2572,"Exoalc1",87.5,184,19,4,1,182,362,543,5.66e-56,209
"5836",2572,"Exoalc1_J33",87.5,184,19,4,1,182,362,543,5.66e-56,209
"5841",2574,"Flaful1",86.093,151,18,2,1,148,342,492,4.66e-41,159
"5843",2582,"Melbi2",91.72,157,9,4,1,156,322,475,9.32e-58,215
"5844",2584,"Melbi2",88.961,154,14,3,1,151,322,475,1.96e-49,187
"5846",2585,"Claim1",87.425,167,12,6,1,164,363,523,3.35e-48,183
"5852",2588,"Colorb1",80.645,155,21,9,1,148,327,479,1.32e-26,111
"5853",2600,"Melbi2",91.667,156,9,4,1,154,322,475,3.3e-57,213
"5856",2626,"Hyafin1",91.367,139,11,1,1,139,417,554,5.61e-50,189
"5857",2633,"Melbi2",95.455,154,5,2,1,152,322,475,1.15e-66,244
"5859",2650,"Purli1",88.827,179,8,9,1,176,374,543,4.97e-56,209
"5862",2658,"Claim1",82.051,195,21,13,1,188,363,550,2.54e-39,154
"5863",2662,"Amore1",86.452,155,14,4,1,153,422,571,3.35e-42,163
"5864",2666,"Schins1",89.268,205,20,2,1,203,380,584,7.36e-70,255
"5880",2672,"Trias1",97.222,180,3,2,1,179,337,515,2.3e-84,303
"5881",2672,"Triasper1",97.222,180,3,2,1,179,337,515,2.3e-84,303
"5937",2686,"Melbi2",91.304,138,10,2,1,137,322,458,1.99e-49,187
"5938",2693,"Extant1",78.065,155,26,6,1,150,305,456,1.57e-20,91.6
"5939",2695,"Ocuya1",91.772,158,10,3,1,156,426,582,2.59e-58,217
"5941",2705,"Melbi2",91.156,147,8,5,1,144,322,466,1.17e-51,195
"5944",2710,"Acema1",92.157,153,9,2,1,150,431,583,3.21e-57,213
"5945",2711,"Hyafin1",82.468,154,22,5,1,151,417,568,3.35e-32,130
"5947",2712,"Cucbe1",89.759,166,15,2,1,164,311,476,1.28e-56,211
"5950",2715,"Fonmo1",87.283,173,7,11,1,161,367,536,3.26e-48,183
"5954",2728,"Acema1",93.103,145,9,1,1,144,431,575,1.18e-56,211
"5955",2734,"Psever1",76.744,129,26,4,1,128,339,464,7.85e-14,69.4
"5956",2744,"Melbi2",91.026,156,11,3,1,155,322,475,1.55e-55,207
"5959",2750,"Acema1",93.836,146,8,1,1,146,431,575,7.16e-59,219
"5960",2754,"Melbi2",87.234,141,14,4,1,139,322,460,1.57e-40,158
"5962",2757,"Acema1",94.928,138,6,1,1,138,431,567,9.19e-58,215
"5963",2771,"Melbi2",89.103,156,13,4,1,154,322,475,1.55e-50,191
"5965",2772,"Claim1",88.272,162,13,6,1,157,363,523,6.72e-50,189
"5970",2773,"Melbi2",89.726,146,14,1,1,146,322,466,7.26e-49,185
"5971",2775,"Melbi2",93.243,148,8,2,1,147,322,468,2.57e-58,217
"5973",2781,"Melbi2",91.216,148,9,3,1,147,322,466,9.39e-53,198
"5982",2790,"Tristr1",96.491,171,6,0,1,171,315,485,3.05e-78,283
"6023",2795,"Melbi2",93.284,134,8,1,1,134,322,454,3.25e-52,196
"6024",2819,"Tappo1",78.469,209,29,10,14,208,387,593,8e-30,122
"6025",2824,"Acema1",89.542,153,16,0,1,153,431,583,1.19e-51,195
"6026",2852,"Exosi1",84.568,162,21,4,1,159,350,510,1.99e-40,158
"6027",2856,"Psever1",94,150,7,2,1,148,339,488,4.28e-61,226
"6031",2858,"Asprobu1",94.483,145,8,0,1,145,331,475,1.68e-60,224
"6032",2858,"Aspsub1",94.483,145,7,1,1,144,337,481,6.06e-60,222
"6033",2858,"Aspsubr1",94.483,145,7,1,1,144,347,491,6.06e-60,222
"6246",2863,"Tricec1",87.117,163,14,5,1,161,394,551,1.48e-46,178
"6247",2864,"Melbi2",94.839,155,7,1,1,155,322,475,1.53e-65,241
"6249",2867,"Talat1",88.514,148,8,3,1,139,304,451,2.18e-44,171
"6250",2869,"Melbi2",93.548,155,8,2,1,154,322,475,3.28e-62,230
"6252",2883,"Hyafin1",97.386,153,3,1,1,153,417,568,4.15e-71,259
"6254",2887,"Melbi2",92.208,154,9,3,1,151,322,475,8.99e-58,215
"6256",2903,"Triaus1",97.312,186,3,2,1,184,351,536,1.07e-87,315
"6313",2905,"Tolinf1",91.176,170,6,7,1,170,320,480,6.14e-60,222
"6317",2906,"Tolinf1",87.425,167,13,5,3,169,322,480,8e-49,185
"6318",2909,"Tribre1",93.22,177,7,5,1,174,350,524,6.21e-70,255
"6319",2909,"Tribrev1",93.22,177,7,5,1,174,350,524,6.21e-70,255
"6375",2919,"Cucbe1",88.554,166,17,2,1,164,311,476,2.76e-53,200
"6376",2920,"Altro1",84.393,173,19,7,1,171,375,541,3.8e-42,163
"6377",2936,"Melbi2",90.323,155,11,4,1,152,322,475,2.54e-53,200
"6380",2938,"Bimnz1",89.091,165,15,3,1,163,366,529,7.63e-54,202
"6382",2940,"Melbi2",92.208,154,10,2,1,152,322,475,2.52e-58,217
"6385",2958,"Claim1",82.317,164,20,7,1,163,363,518,3.29e-33,134
"6387",2959,"Theglo1",79.47,151,24,6,1,146,323,471,2.7e-23,100
"6388",2972,"Melbi2",94.839,155,7,1,1,155,322,475,1.53e-65,241
"6391",2975,"Fonmo1",86.982,169,10,9,1,158,367,534,4.24e-47,180
"6395",2977,"Melbi2",90.968,155,12,2,1,154,322,475,1.54e-55,207
"6397",2979,"Aspapp1",100,174,0,0,1,174,298,471,6.04e-90,322
"6398",2979,"Eurhe1",100,174,0,0,1,174,307,480,6.04e-90,322
"6399",2979,"Aspcib1",100,174,0,0,1,174,307,480,6.04e-90,322
"6527",2985,"Gyresc1",93.333,210,13,1,1,209,555,764,5.75e-86,309
"6528",2986,"Melbi2",93.617,141,8,1,1,141,322,461,4.34e-56,209
"6529",2988,"Trias1",96.667,180,5,1,1,180,337,515,1.08e-82,298
"6530",2988,"Triasper1",96.667,180,5,1,1,180,337,515,1.08e-82,298
"6586",2990,"Neobo1",92.614,176,9,4,1,174,349,522,2.89e-68,250
"6590",2991,"Tappo1",77.34,203,34,10,19,210,392,593,6.3e-26,110
"6591",2992,"Trias1",100,171,0,0,1,171,337,507,2.9e-88,316
"6592",2992,"Triasper1",100,171,0,0,1,171,337,507,2.9e-88,316
"6648",2994,"Triaus1",97.884,189,1,1,1,189,351,536,1.84e-90,324
"6702",3003,"Melbi2",90.968,155,8,6,1,150,322,475,1.93e-54,204
"6705",3012,"MohoAD009_1",100,139,0,0,1,139,318,456,1.35e-70,257
"6706",3012,"MohoCK413_1",100,139,0,0,1,139,318,456,1.35e-70,257
"6715",3015,"Meltu1",96.933,163,4,1,1,163,388,549,5.73e-75,272
"6717",3036,"Melbi2",90.845,142,12,1,11,151,334,475,5.45e-50,189
"6719",3039,"Purli1",92.398,171,8,5,1,167,374,543,5.97e-65,239
"6721",3041,"MoscN6426_1",84.667,150,15,6,3,145,309,457,4.11e-36,143
"6723",3045,"Diaam1",80.488,164,20,5,1,160,304,459,1.11e-27,115
"6724",3055,"Amore1",88.321,137,13,3,1,135,422,557,1.19e-41,161
"6725",3066,"Melbi2",94.805,154,6,2,1,152,322,475,5.37e-65,239
"6728",3069,"Melbi2",90.411,146,12,2,1,145,322,466,1.53e-50,191
"6729",3089,"Darbet1",93.464,153,9,1,1,152,379,531,4.53e-61,226
"6734",3116,"Melbi2",87.755,147,15,3,1,146,322,466,7.2e-44,169
"6736",3125,"Melbi2",92.857,140,9,1,1,139,322,461,7.15e-54,202
"6739",3133,"Exosi1",83.537,164,18,7,1,159,350,509,1.56e-36,145
"6741",3134,"Ocuya1",91.139,158,11,3,1,156,426,582,1.21e-56,211
"6742",3134,"Rhyag1",91.139,158,11,3,1,156,486,642,1.21e-56,211
"6743",3137,"Melbi2",90.789,152,9,4,6,155,327,475,9.32e-53,198
"6745",3139,"Altar1",81.935,155,20,7,1,149,329,481,1.71e-30,124
"6746",3142,"Venin1",95.588,136,5,1,1,135,340,475,2.65e-58,217
"6747",3145,"Melbi2",93.548,155,9,1,1,155,322,475,3.31e-62,230
"6749",3146,"Purli1",81.111,180,10,10,1,177,374,532,7.16e-30,122
"6750",3150,"Claim1",86.01,193,14,11,1,185,363,550,1.47e-51,195
"6756",3153,"Pbre18316_1",100,170,0,0,1,170,326,495,9.84e-88,315
"6757",3153,"Penbr2",100,170,0,0,1,170,326,495,9.84e-88,315
"6758",3153,"PenbrAgRF18_1",100,170,0,0,1,170,326,495,9.84e-88,315
"6973",3161,"Favcal1_2",80.435,138,16,9,3,137,564,693,1.1e-21,95.3
"7008",3168,"Penvul1",95.139,144,7,0,1,144,427,570,1.35e-61,228
"7208",3170,"Melbi2",87.075,147,15,4,1,145,322,466,3.38e-42,163
"7209",3173,"Melbi2",87.898,157,15,4,1,156,322,475,9.46e-48,182
"7212",3180,"Ganleu1",84.058,207,25,7,1,202,357,560,5.83e-51,193
"7213",3182,"Melbi2",89.333,150,9,6,1,148,322,466,9.39e-48,182
"7215",3191,"Macan1",97.561,164,4,0,1,164,298,461,9.59e-78,281
"7218",3206,"MozyPUSTF9C_1",81.203,133,15,5,1,124,308,439,7.61e-23,99
"7219",3206,"MozyN2592_1",81.203,133,15,5,1,124,308,439,7.61e-23,99
"7220",3210,"Melbi2",88.816,152,8,8,1,148,322,468,1.22e-46,178
"7222",3212,"Psever1",93.919,148,7,2,1,146,339,486,5.53e-60,222
"7224",3220,"Melbi2",88.816,152,9,7,1,149,322,468,3.43e-47,180
"7226",3224,"Melbi2",88.961,154,15,2,1,152,322,475,5.49e-50,189
"7227",3224,"Hyafin1",88.961,154,13,4,1,152,417,568,1.97e-49,187
"7229",3225,"Fusavent1",86.42,162,12,6,1,159,337,491,8.54e-44,169
"7230",3227,"Melbi2",89.61,154,15,1,1,153,322,475,1.19e-51,195
"7232",3234,"Purli1",91.228,171,10,5,1,167,374,543,1.29e-61,228
"7234",3253,"Melbi2",91.72,157,9,4,1,156,322,475,9.32e-58,215
"7236",3277,"Trias1",94.022,184,6,3,1,184,337,515,1.86e-75,274
"7237",3277,"Triasper1",94.022,184,6,3,1,184,337,515,1.86e-75,274
"7292",3291,"Acema1",93.478,138,8,1,1,138,431,567,1.97e-54,204
"7293",3302,"Tolinf1",91.358,162,3,5,1,162,320,470,1.37e-56,211
"7297",3304,"Hyafin1",84.507,142,18,4,1,141,417,555,2.06e-34,137
"7298",3313,"Ganleu1",87.047,193,15,8,1,187,357,545,5.78e-56,209
"7299",3315,"Acema1",91.558,154,11,2,1,153,431,583,1.18e-56,211
"7300",3317,"Melbi2",92.481,133,9,1,1,132,322,454,5.36e-50,189
"7301",3331,"Metbr1",82.682,179,21,7,9,179,306,482,3.11e-38,150
"7302",3331,"Metgui1",82.682,179,21,7,9,179,306,482,3.11e-38,150
"7303",3342,"Tolinf1",94.444,144,2,3,35,178,343,480,3.01e-58,217
"7307",3346,"Tolinf1",95.758,165,3,3,1,165,320,480,3.5e-72,263
"7309",3358,"Melbi2",92.308,156,7,5,1,153,322,475,2.54e-58,217
"7311",3363,"Melbi2",91.026,156,11,3,1,155,322,475,1.55e-55,207
"7313",3365,"Dacma1",93.373,166,9,2,1,166,291,454,1.33e-66,244
"7318",3373,"Daces1",89.595,173,14,4,1,172,389,558,2.89e-58,217
"7323",3391,"Melbi2",91.367,139,11,1,1,138,322,460,5.45e-50,189
"7325",3410,"Melbi2",91.613,155,11,2,1,154,322,475,3.3e-57,213
"7327",3416,"Acema1",91.558,154,11,2,1,153,431,583,1.18e-56,211
"7328",3428,"Melbi2",86.525,141,14,5,1,139,322,459,2.63e-38,150
"7329",3437,"Theglo1",87.5,152,15,4,1,149,323,473,5.77e-45,172
"7330",3441,"Chafi1",85.135,148,16,5,1,144,331,476,3.57e-37,147
"7331",3443,"Dipse1",100,168,0,0,1,168,358,525,1.26e-86,311
"7351",3459,"Diaam1",96.97,165,5,0,1,165,304,468,1.29e-76,278
"7353",3463,"Rhyag1",91.195,159,11,3,1,158,486,642,3.4e-57,213
"7355",3468,"Psever1",91.824,159,10,3,1,156,339,497,7.21e-59,219
"7356",3469,"Cucbe1",81.699,153,24,4,1,151,311,461,1.71e-30,124
"7357",3475,"Melbi2",88.742,151,9,7,1,147,322,468,1.21e-46,178
"7359",3478,"Acema1",92.903,155,9,2,1,155,431,583,1.54e-60,224
"7360",3479,"Claim1",84.896,192,19,9,1,186,363,550,8.9e-49,185
"7366",3486,"Venin1",90.714,140,10,3,4,141,342,480,2.61e-48,183
"7367",3489,"Ocuya1",90.625,160,11,2,1,159,426,582,4.43e-56,209
"7368",3489,"Rhyag1",90.625,160,11,2,1,159,486,642,4.43e-56,209
"7369",3499,"Exosi1",92.045,176,12,1,1,176,350,523,4.07e-67,246
"7374",3519,"Melbi2",95.918,147,5,1,1,146,322,468,1.96e-64,237
"7376",3521,"Tappo1",78.947,209,29,10,14,209,387,593,1.73e-31,128
"7377",3530,"Colfa1",75.796,157,25,10,1,145,341,496,2.68e-13,67.6
"7378",3533,"Rhyag1",83.688,141,19,4,1,138,486,625,3.37e-32,130
"7379",3534,"Fonmo1",85.882,170,15,6,1,161,367,536,7.18e-45,172
"7384",3555,"Melbi2",90.446,157,9,6,1,154,322,475,7.15e-54,202
"7386",3563,"Claim1",87.117,163,14,7,1,158,363,523,1.46e-46,178
"7392",3574,"Traver1",97.512,201,4,1,1,200,406,606,5.41e-96,342
"7393",3584,"Exosi1",100,174,0,0,1,174,350,523,6.5e-90,322
"7397",3595,"Chale1",95.092,163,6,2,1,161,462,624,5.69e-70,255
"7407",3596,"Exosi1",80.952,168,23,7,1,167,350,509,2.17e-30,124
"7408",3598,"Cucbe1",84.431,167,22,4,1,164,311,476,1.3e-41,161
"7409",3605,"Acema1",95.425,153,6,1,1,152,431,583,4.15e-66,243
"7410",3608,"Rhyag1",83.544,158,20,6,1,153,486,642,4.37e-36,143
"7412",3611,"Purli1",94.805,154,5,3,1,151,374,527,2.13e-64,237
"7414",3617,"Flaful1",93.377,151,8,2,1,149,342,492,5.9e-60,222
"7415",3625,"Lacpse1",95.604,91,1,3,1,90,391,479,2.59e-36,143
"7416",3627,"Tripra1",80.233,172,27,7,1,168,385,553,6.32e-30,122
"7417",3629,"Exosi1",89.634,164,13,4,1,163,350,510,7.12e-55,206
"7421",3638,"Melbi2",89.796,147,13,2,1,147,322,466,2e-49,187
"7422",3642,"Trichpleur1",80.978,184,30,5,1,182,392,572,1.91e-35,141
"7423",3642,"Tripare1",80.978,184,30,5,1,182,370,550,1.91e-35,141
"7453",3655,"Theglo1",81.132,159,25,5,1,155,323,480,5.77e-30,122
"7456",3672,"Exosi1",86.905,168,12,7,1,165,350,510,4.44e-47,180
"7460",3674,"Mocy1230_1",94.737,152,8,0,1,152,387,538,2.28e-64,237
"7461",3686,"Papla1",78.882,161,25,8,10,165,306,462,3.36e-23,100
"7462",3688,"Rhyag1",83.648,159,18,8,1,153,486,642,4.37e-36,143
"7463",3689,"Hyafin1",82.803,157,20,7,1,155,417,568,2.67e-33,134
"7465",3706,"Melbi2",92.806,139,8,2,1,139,322,458,2.61e-53,200
"7466",3710,"Acema1",83.544,158,17,9,1,154,431,583,5.69e-35,139
"7467",3727,"Melbi2",90.909,154,11,2,1,151,322,475,1.95e-54,204
"7470",3730,"Acema1",92.949,156,7,4,1,155,431,583,1.54e-60,224
"7471",3732,"Melbi2",85.507,138,12,8,1,134,322,455,2.02e-34,137
"7472",3740,"Metbr1",97.861,187,2,2,1,187,298,482,6.54e-90,322
"7473",3740,"Metgui1",97.861,187,2,2,1,187,298,482,6.54e-90,322
"7475",3741,"Melbi2",92.308,156,7,5,1,153,322,475,2.54e-58,217
"7477",3745,"Melbi2",88.571,140,13,3,1,140,322,458,2.65e-43,167
"7478",3751,"Hyafin1",89.032,155,12,5,1,153,417,568,1.99e-49,187
"7481",3754,"Exosi1",83.735,166,17,7,1,162,350,509,1.2e-37,148
"7483",3764,"Dacma1",87.574,169,13,7,1,166,291,454,6.27e-50,189
"7486",3765,"Amore1",80.851,141,20,7,1,139,422,557,2.09e-24,104
"7487",3776,"Melbi2",90.26,154,14,1,1,153,322,475,2.55e-53,200
"7495",3778,"Aspsub1",89.726,146,11,3,1,143,337,481,2.86e-48,183
"7496",3778,"Aspsubr1",89.726,146,11,3,1,143,347,491,2.86e-48,183
"7497",3778,"Aspele1",89.726,146,11,3,1,143,366,510,2.86e-48,183
"7704",3780,"Hyafin1",93.525,139,8,1,1,139,417,554,5.57e-55,206
"7705",3788,"Fusso1",93.956,182,6,5,1,180,359,537,2.3e-74,270
"7715",3791,"Penmal1",96.644,149,4,1,1,149,339,486,3.81e-67,246
"7935",3792,"Amore1",80.328,122,21,3,1,119,422,543,5.47e-20,89.8
"7936",3793,"Ganleu1",85.279,197,16,11,1,192,357,545,2.21e-50,191
"7938",3794,"Dacma1",84.706,170,18,7,1,168,291,454,3.85e-42,163
"7942",3799,"Melbi2",90.909,154,11,3,1,151,322,475,1.95e-54,204
"7944",3828,"Didma1",98.171,164,2,1,1,163,299,462,7.36e-79,285
"7947",3839,"Theglo1",83.648,159,22,4,1,156,323,480,3.45e-37,147
"7948",3860,"Melbi2",90.968,155,11,3,1,153,322,475,5.49e-55,206
"7951",3869,"Daces1",87.861,173,16,5,1,171,389,558,1.04e-52,198
"7958",3874,"Melbi2",82.051,156,22,6,1,152,322,475,1.21e-31,128
"7959",3881,"Melbi2",94.326,141,7,1,1,141,322,461,9.26e-58,215
"7961",3894,"Pjug17442_1",94.904,157,6,2,1,157,341,495,1.37e-66,244
"8190",3904,"Trigam1",99.419,172,1,0,1,172,340,511,3.84e-87,313
"8191",3904,"Trikon1",99.419,172,1,0,1,172,337,508,3.84e-87,313
"8248",3920,"Melbi2",88.571,140,12,4,1,139,322,458,2.63e-43,167
"8249",3937,"Lacpse1",90.099,101,7,1,2,99,561,661,7.44e-32,128
"8250",3940,"Melbi2",94.194,155,8,1,1,155,322,475,7.11e-64,235
"8253",3945,"Hyafin1",91.304,138,10,2,1,137,417,553,1.97e-49,187
"8254",3959,"Melbi2",87.857,140,13,4,1,138,322,459,1.21e-41,161
"8256",3960,"Ustvir1",80.198,202,20,13,1,195,417,605,3.44e-33,134
"8257",3961,"Hyafin1",79.021,143,22,6,1,141,417,553,1.69e-20,91.6
"8258",3961,"Melbi2",79.021,143,22,6,1,141,322,458,1.69e-20,91.6
"8259",3964,"Trias1",98.837,172,1,1,1,172,337,507,6.35e-85,305
"8260",3964,"Triasper1",98.837,172,1,1,1,172,337,507,6.35e-85,305
"8316",3976,"Purli1",92.857,154,8,3,1,151,374,527,2.13e-59,220
"8318",3992,"Umban1",99.383,162,0,1,1,161,411,572,4.34e-81,292
"8319",3994,"Melbi2",98.701,154,2,0,1,154,322,475,1.49e-75,274
"8321",3996,"Hyafin1",79.747,158,23,9,1,155,417,568,5.81e-25,106
"8323",3997,"Hyafin1",90.714,140,11,2,1,139,417,555,7.2e-49,185
"8324",4004,"Hyafin1",86.452,155,16,4,1,153,417,568,9.32e-43,165
"8325",4005,"Melbi2",93.548,155,7,3,1,153,322,475,1.17e-61,228
"8326",4006,"Claim1",85.802,162,17,6,1,157,363,523,3.19e-43,167
"8327",4010,"Purli1",99.375,160,1,0,1,160,374,533,1.64e-80,291
"8329",4027,"Ocuya1",79.63,162,21,11,1,155,426,582,5.81e-25,106
"8330",4030,"Exosi1",90.761,184,13,3,1,183,350,530,5.18e-66,243
"8337",4041,"Melbi2",93.525,139,7,2,1,139,322,458,5.49e-55,206
"8338",4047,"Sarstr1",88.525,183,15,6,1,177,350,532,2.99e-58,217
"8339",4047,"Acrst1",88.525,183,15,6,1,177,350,532,2.99e-58,217
"8340",4057,"Fonmo1",86.145,166,15,6,1,158,367,532,7.26e-45,172
"8345",4064,"Rhyag1",82.911,158,23,4,1,155,486,642,5.73e-35,139
"8347",4072,"Exoalc1",84.848,165,15,8,1,158,362,523,1.97e-40,158
"8348",4072,"Exoalc1_J33",84.848,165,15,8,1,158,362,523,1.97e-40,158
"8352",4079,"Penatra1",96.512,172,6,0,1,172,339,510,7.82e-79,285
"8353",4079,"Penmal1",96.512,172,5,1,1,172,339,509,2.81e-78,283
"8594",4082,"Rhyag1",81.761,159,23,6,1,155,486,642,1.24e-31,128
"8595",4083,"Acema1",83.766,154,24,1,1,154,431,583,1.22e-36,145
"8596",4084,"Venin1",94.928,138,6,1,1,137,340,477,9.26e-58,215
"8597",4085,"Melbi2",93.836,146,8,1,1,146,322,466,7.05e-59,219
"8599",4088,"Purli1",88.272,162,10,7,1,157,374,531,7.95e-49,185
"8600",4101,"Fusnyg1",88.024,167,14,6,1,166,331,492,5.03e-51,193
"8602",4110,"Amore1",86.842,152,16,4,1,150,422,571,2.53e-43,167
"8603",4114,"Fibin1",97.619,168,3,1,1,167,284,451,2.1e-79,287
"8604",4117,"Trispi1_2",79.73,148,19,9,29,168,436,580,3.83e-22,97.1
"8605",4126,"Tolinf1",96.429,140,3,2,33,172,343,480,3.72e-62,230
"8609",4133,"Melbi2",92.903,155,8,3,1,153,322,475,5.45e-60,222
"8611",4135,"Extant1",92.481,133,8,2,1,133,305,435,5.53e-50,189
"8612",4136,"Hyafin1",88.961,154,13,4,1,152,417,568,1.97e-49,187
"8613",4149,"Favcal1_2",80.952,189,13,17,38,211,513,693,1.75e-31,128
"8614",4158,"Tribre1",95.455,176,6,2,1,175,350,524,3.71e-77,279
"8615",4158,"Tribrev1",95.455,176,6,2,1,175,350,524,3.71e-77,279
"8616",4158,"Trimi1",95.455,176,6,2,1,175,375,549,3.71e-77,279
"8617",4158,"Trispi1_2",95.455,176,7,1,1,175,405,580,3.71e-77,279
"8673",4167,"Colfa1",75.776,161,23,13,1,147,341,499,2.72e-13,67.6
"8680",4173,"Trichl1",91.566,166,12,2,1,164,376,541,1.42e-61,228
"8719",4175,"Amore1",82.143,140,19,6,1,138,422,557,9.73e-28,115
"8720",4177,"Colin1",74.843,159,25,13,10,155,356,512,1.65e-10,58.4
"8721",4180,"Melbi2",92.308,156,7,5,1,153,322,475,2.54e-58,217
"8723",4183,"Melbi2",89.63,135,11,3,1,134,322,454,7.1e-44,169
"8724",4188,"Mereb1",85.128,195,21,6,1,187,389,583,6.2e-51,193
"8725",4193,"Melbi2",87.05,139,15,3,1,138,322,458,2.03e-39,154
"8727",4224,"Sarstr1",77.326,172,25,11,1,162,350,517,7.01e-20,89.8
"8728",4224,"Acrst1",77.326,172,25,11,1,162,350,517,7.01e-20,89.8
"8729",4227,"Amore1",87.662,154,13,3,1,152,422,571,1.54e-45,174
"8730",4234,"Chale1",95.181,166,3,4,1,164,462,624,1.62e-70,257
"8737",4237,"Claim1",84.737,190,19,10,1,186,363,546,1.19e-47,182
"8738",4246,"Melbi2",93.289,149,7,3,1,148,322,468,2.59e-58,217
"8740",4255,"Melbi2",85.987,157,17,5,1,155,322,475,3.4e-42,163
"8742",4256,"Hyafin1",90.78,141,11,2,1,141,417,555,2.02e-49,187
"8744",4261,"Amore1",86.275,153,16,5,1,151,422,571,1.19e-41,161
"8745",4262,"Hyafin1",87.681,138,14,3,1,137,417,552,1.57e-40,158
"8747",4269,"MoscN6426_1",78.462,130,17,4,1,122,307,433,1.28e-15,75
"8749",4292,"Melbi2",92.949,156,8,3,1,155,322,475,1.54e-60,224
"8751",4294,"Amore1",84.028,144,19,4,11,152,430,571,7.25e-34,135
"8752",4303,"Trimi1",96.341,164,4,2,1,162,375,538,7.93e-74,268
"8810",4313,"Melbi2",92.258,155,10,2,1,154,322,475,7.1e-59,219
"8812",4323,"Claim1",84.94,166,15,7,1,161,363,523,5.39e-41,159
"8813",4327,"Talat1",87.838,148,8,3,1,138,304,451,1.01e-42,165
"8818",4332,"Rhyag1",82.278,158,21,7,1,152,486,642,3.37e-32,130
"8819",4341,"Acema1",94.928,138,6,1,1,138,431,567,8.99e-58,215
"8820",4342,"Bimnz1",90.476,168,8,4,1,164,366,529,9.86e-58,215
"8823",4362,"Melbi2",83.974,156,20,5,1,153,322,475,1.21e-36,145
"8824",4376,"Claim1",86.503,163,15,7,1,158,363,523,6.93e-45,172
"8825",4388,"Trist1",99.432,176,0,1,1,176,330,504,7.91e-89,318
"8884",4389,"Amore1",85.816,141,16,4,1,140,422,559,3.37e-37,147
"8885",4400,"MoscN6426_1",86.986,146,11,4,1,138,307,452,1.4e-40,158
"8890",4404,"Purli1",93.421,152,7,3,1,149,374,525,6.02e-60,222
"8892",4407,"Acema1",89.61,154,11,5,1,150,431,583,1.5e-50,191
"8893",4408,"Tripra1",79.191,173,27,9,1,168,385,553,1.37e-26,111
"8894",4446,"Colfa1",75.301,166,26,12,1,153,341,504,9.72e-13,65.8
"8895",4454,"Claim1",84.184,196,15,11,1,189,364,550,5.45e-46,176
"8896",4461,"Daldec1",93.855,179,6,5,1,176,336,512,1.05e-72,265
"8898",4462,"Melbi2",87.143,140,13,5,1,138,322,458,2.03e-39,154
"8900",4465,"Altro1",77.778,171,24,12,1,161,375,541,4.72e-21,93.5
"8901",4466,"Claim1",86.01,193,14,11,1,185,363,550,1.47e-51,195
"8906",4472,"Metbr1",99.429,175,0,1,1,174,298,472,3.04e-88,316
"8907",4472,"Metgui1",99.429,175,0,1,1,174,298,472,3.04e-88,316
"8909",4476,"Trias1",97.222,180,4,1,1,180,337,515,2.31e-84,303
"8910",4476,"Triasper1",97.222,180,4,1,1,180,337,515,2.31e-84,303
"8965",4480,"Cucbe1",79.762,168,25,3,1,161,311,476,3.63e-27,113
"8966",4485,"Claim1",84.472,161,16,9,1,153,364,523,3.05e-38,150
"8968",4486,"Melbi2",92.754,138,9,1,1,137,322,459,9.05e-53,198
"8971",4487,"Bimnz1",87.349,166,16,5,1,163,366,529,7.68e-49,185
"8972",4492,"Melbi2",89.744,156,14,2,1,156,322,475,9.39e-53,198
"8973",4497,"Claim1",84.94,166,15,7,1,161,363,523,5.33e-41,159
"8974",4507,"Amore1",85.185,135,13,7,11,142,432,562,9.52e-33,132
"8975",4510,"Xylbam139988_1",89.349,169,12,4,1,165,364,530,1.66e-55,207
"8977",4532,"Melbi2",82.576,132,17,6,25,154,348,475,1.24e-26,111
"8978",4536,"Melbi2",90.78,141,11,2,1,140,322,461,2.05e-49,187
"8979",4543,"Venin1",97.08,137,3,1,1,136,340,476,3.52e-62,230
"8980",4546,"Melbi2",88.961,154,14,3,1,151,322,475,1.96e-49,187
"8982",4548,"Hyafin1",90.385,156,10,4,1,155,417,568,2.59e-53,200
"8984",4554,"Exoxe1",82.796,186,24,8,1,181,351,533,5.23e-41,159
"8985",4555,"Claim1",84.456,193,19,11,1,187,363,550,4.17e-47,180
"8986",4557,"Aaoar1",87.73,163,15,5,1,158,459,621,7.58e-49,185
"8987",4559,"Fusavent1",86.441,177,20,3,1,173,337,513,1.76e-50,191
"8990",4565,"Melbi2",92.258,155,9,3,1,153,322,475,2.54e-58,217
"8993",4566,"Melbi2",90.26,154,14,1,1,153,322,475,2.55e-53,200
"8995",4571,"Purli1",96.471,170,0,1,1,164,374,543,4.46e-76,276
"8996",4572,"Chafi1",86.207,145,14,5,1,142,331,472,7.74e-39,152
"8997",4578,"Melbi2",91.613,155,8,5,1,151,322,475,4.18e-56,209
"9000",4580,"Ascra1",96.97,165,3,2,1,164,300,463,4.46e-76,276
"9003",4591,"Hyafin1",90.647,139,11,2,1,139,417,553,2.61e-48,183
"9004",4601,"Hyafin1",88.194,144,10,6,1,142,417,555,9.52e-43,165
"9005",4603,"Rhyag1",82.278,158,23,5,1,154,486,642,9.52e-33,132
"9006",4604,"Melbi2",92.258,155,11,1,1,155,322,475,7.16e-59,219
"9008",4634,"Melbi2",92.754,138,9,1,1,137,322,459,9.12e-53,198
"9011",4635,"Exoxe1",85.465,172,18,7,1,171,351,516,7.38e-45,172
"9013",4645,"Melbi2",87.742,155,18,1,1,155,322,475,3.38e-47,180
"9015",4651,"Frien1",84.277,159,22,3,1,156,302,460,7.41e-39,152
"9016",4652,"Melbi2",94.483,145,7,1,1,144,322,466,5.45e-60,222
"9019",4654,"Aspsub1",95.172,145,6,1,1,144,337,481,1.28e-61,228
"9020",4654,"Aspsubr1",95.172,145,6,1,1,144,347,491,1.28e-61,228
"9221",4701,"Melbi2",93.151,146,9,1,1,146,322,466,3.28e-57,213
"9222",4706,"Hyafin1",95.484,155,4,1,1,155,417,568,1.18e-66,244
"9224",4707,"Theglo1",82.119,151,21,4,1,147,323,471,4.49e-31,126
"9225",4717,"Truan1",80.745,161,29,1,1,161,355,513,1.7e-30,124
"9226",4723,"Exosi1",86.628,172,17,6,1,170,350,517,9.27e-49,185
"9230",4725,"Metbr1",99.435,177,0,1,1,177,298,473,2.37e-89,320
"9231",4725,"Metgui1",99.435,177,0,1,1,177,298,473,2.37e-89,320
"9233",4736,"Metma1",81.72,186,23,10,9,192,331,507,1.56e-36,145
"9236",4740,"Extant1",84.416,154,21,3,1,153,305,456,9.38e-38,148
"9237",4744,"Hyafin1",96.104,154,4,1,1,154,417,568,2.52e-68,250
"9239",4746,"Horwer1",85.811,148,18,3,1,147,311,456,2.08e-39,154
"9240",4760,"Melbi2",91.558,154,12,1,1,153,322,475,1.18e-56,211
"9241",4779,"Ocuya1",84,150,18,6,1,146,426,573,5.73e-35,139
"9242",4788,"Ilyrob1",80.541,185,19,11,1,181,389,560,5.31e-31,126
"9243",4793,"Apibac1",80,165,25,8,1,161,314,474,1.01e-27,115
"9244",4795,"Ascra1",93.333,165,9,2,1,164,300,463,4.53e-66,243
"9247",4805,"Melbi2",91.026,156,12,2,1,156,322,475,4.34e-56,209
"9249",4822,"Melbi2",94.156,154,8,1,1,153,322,475,2.52e-63,233
"9251",4838,"Purli1",82.278,158,13,4,1,150,374,524,6.36e-30,122
"9252",4840,"Melbi2",86.331,139,15,4,1,137,322,458,9.38e-38,148
"9253",4841,"Plucer1",92.268,194,13,1,1,192,440,633,1.91e-75,274
"9254",4884,"Dalver1",89.773,176,14,4,1,174,367,540,6.3e-60,222
"9255",4888,"Melbi2",90.909,154,14,0,1,154,322,475,1.54e-55,207
"9258",4907,"Theglo1",84.906,159,20,4,1,156,323,480,1.59e-40,158
"9260",4909,"Metma1",81.356,177,20,10,9,181,331,498,1.22e-32,132
"9263",4922,"Claim1",91.411,163,10,4,1,160,363,524,2.53e-59,220
"9269",4930,"Amore1",92.053,151,10,2,1,150,422,571,1.15e-56,211
"9270",4933,"Trichl1",97.283,184,4,1,1,184,376,558,1.39e-86,311
"9328",4939,"Claim1",87.805,164,13,7,1,160,363,523,9.01e-49,185
"9329",4947,"Hyafin1",88.489,139,14,2,1,137,417,555,2.51e-43,167
"9330",4948,"Racan1",76.224,143,23,11,1,136,327,465,9.65e-13,65.8
"9331",4959,"Hyafin1",85.897,156,17,5,1,155,417,568,1.22e-41,161
"9333",4970,"Hyafin1",86.62,142,16,3,1,142,417,555,2.08e-39,154
"9335",4977,"Amore1",78.472,144,19,9,1,140,422,557,2.74e-18,84.2
"9336",4979,"Amore1",91.503,153,8,5,1,151,422,571,5.41e-55,206
"9337",4986,"Didma1",80.667,150,22,7,1,146,299,445,4.72e-26,110
"9338",5003,"Melbi2",83.871,155,18,6,4,154,324,475,1.58e-35,141
"9341",5004,"Hyafin1",90.647,139,12,1,1,138,417,555,2.55e-48,183
"9342",5007,"Sodal1",78.307,189,22,10,1,173,283,468,2.49e-24,104
"9343",5017,"Hyafin1",95.425,153,6,1,1,153,417,568,4.18e-66,243
"9345",5019,"Melbi2",92.414,145,9,2,1,143,322,466,5.45e-55,206
"9347",5028,"Melbi2",91.489,141,10,2,1,140,322,461,4.34e-51,193
"9349",5037,"Clasph1",96.855,159,5,0,1,159,321,479,2.59e-73,267
"9351",5042,"Melbi2",81.295,139,20,6,1,136,322,457,1.59e-25,108
"9352",5051,"Melbi2",93.631,157,7,2,1,157,322,475,9.33e-63,231
"9354",5054,"Nemabo1",88.372,172,14,4,1,166,444,615,7.79e-54,202
"9355",5055,"Fusavent1",84.393,173,17,9,1,173,337,499,1.48e-41,161
"9357",5056,"Melbi2",90,150,12,2,1,147,322,471,1.54e-50,191
"9359",5059,"Exoalc1",87.647,170,15,4,1,166,362,529,5.51e-51,193
"9360",5059,"Exoalc1_J33",87.647,170,15,4,1,166,362,529,5.51e-51,193
"9364",5071,"Melbi2",87.821,156,15,4,1,154,322,475,3.35e-47,180
"9367",5073,"Melbi2",88.608,158,12,6,1,156,322,475,2.03e-49,187
"9370",5075,"Exosp1",82.822,163,21,7,1,158,352,512,7.32e-35,139
"9372",5091,"Verda1",86.127,173,17,7,1,171,323,490,3.97e-47,180
"9373",5091,"Verdah1",86.127,173,17,7,1,171,323,490,3.97e-47,180
"9375",5095,"NsAZ0576_1",91.429,175,13,2,1,175,294,466,6.29e-65,239
"9376",5095,"NsCB679_1",91.429,175,13,2,1,175,294,466,6.29e-65,239
"9377",5095,"NsAK0226_1",91.429,175,13,2,1,175,294,466,6.29e-65,239
"9378",5112,"Flaful1",88.889,153,12,5,1,150,342,492,2.82e-48,183
"9379",5114,"CocheC4_6",86.667,165,15,5,1,162,465,625,5.01e-46,176
"9380",5114,"ChetHm338_1",86.667,165,15,5,1,162,465,625,5.01e-46,176
"9381",5114,"ChetHAW225_4",86.667,165,15,5,1,162,465,625,5.01e-46,176
"9382",5114,"ChetPR9b_4",86.667,165,15,5,1,162,465,625,5.01e-46,176
"9383",5114,"ChetPR1x412_2",86.667,165,15,5,1,162,465,625,5.01e-46,176
"9384",5131,"Claim1",85.938,192,16,11,1,185,363,550,1.47e-51,195
"9390",5136,"Melbi2",90.26,154,14,1,1,153,322,475,2.55e-53,200
"9393",5138,"Diaam1",92.121,165,11,2,1,163,304,468,1.01e-62,231
"9395",5139,"Claim1",77.32,194,27,11,1,183,363,550,1.17e-22,99
"9396",5144,"Favcal1_2",84.974,193,15,11,1,182,473,662,3.72e-48,183
"9397",5152,"PleosDSM11191_1",95.238,210,7,2,1,208,416,624,4.39e-92,329
"9398",5152,"PleosPC9_1",95.238,210,7,2,1,208,416,624,4.39e-92,329
"9399",5159,"Psever1",86.713,143,15,4,1,141,339,479,5.73e-40,156
"9400",5170,"Melbi2",80.132,151,22,7,1,147,322,468,5.94e-25,106
"9402",5190,"Pencit1",98.246,171,2,1,1,171,338,507,9.98e-83,298
"9620",5204,"Lacpse1",89.677,155,6,3,1,145,391,545,1.12e-51,195
"9621",5215,"Fonmo1",84.118,170,14,8,1,157,367,536,9.08e-39,152
"9623",5223,"Hyafin1",94.964,139,7,0,1,139,417,555,7.05e-59,219
"9624",5226,"Melbi2",89.172,157,13,4,1,156,322,475,4.37e-51,193
"9626",5232,"Melbi2",86.076,158,16,6,1,156,322,475,9.52e-43,165
"9628",5251,"Claim1",83.077,195,19,11,1,188,363,550,1.17e-42,165
"9629",5255,"Melbi2",91.837,147,7,5,1,144,322,466,2.55e-53,200
"9631",5269,"Exoxe1",90.533,169,10,5,1,167,351,515,8.72e-59,219
"9637",5272,"Claim1",83.505,194,19,10,1,187,363,550,9.02e-44,169
"9638",5276,"Melbi2",89.933,149,9,5,1,147,322,466,2.03e-49,187
"9639",5278,"Melbi2",89.333,150,9,6,1,148,322,466,9.39e-48,182
"9641",5280,"Melbi2",92.857,140,9,1,1,139,322,461,7.15e-54,202
"9643",5282,"Flaful1",85.135,148,17,5,1,145,342,487,3.67e-37,147
"9644",5306,"Amore1",82.857,140,17,5,1,137,422,557,7.36e-29,119
"9645",5312,"Amore1",86.093,151,19,2,1,150,422,571,1.18e-41,161
"9646",5314,"Extant1",78.71,155,25,6,1,150,305,456,3.37e-22,97.1
"9647",5319,"Tappo1",79.621,211,25,15,14,210,387,593,1.04e-33,135
"9648",5320,"Melbi2",89.241,158,10,6,1,155,322,475,1.56e-50,191
"9650",5324,"Melbi2",89.781,137,12,2,1,137,322,456,1.58e-45,174
"9651",5328,"Claim1",85.204,196,15,11,1,190,363,550,7.04e-50,189
"9652",5330,"Exoalc1",84.239,184,19,9,1,176,362,543,2.57e-44,171
"9653",5330,"Exoalc1_J33",84.239,184,19,9,1,176,362,543,2.57e-44,171
"9657",5344,"Tripra1",80.114,176,22,12,1,170,385,553,8.28e-29,119
"9658",5346,"Melbi2",92.806,139,8,2,1,138,322,459,2.55e-53,200
"9659",5373,"Exosi1",83.735,166,20,5,1,165,350,509,3.58e-38,150
"9660",5378,"Hyafin1",83.974,156,20,5,1,155,417,568,1.23e-36,145
"9662",5381,"Acema1",90.196,153,15,0,1,153,431,583,2.55e-53,200
"9663",5384,"Ocuya1",84.277,159,17,8,1,153,426,582,9.38e-38,148
"9664",5385,"Melbi2",91.558,154,9,4,4,155,324,475,4.31e-56,209
"9666",5386,"Acema1",94.161,137,8,0,1,137,431,567,4.12e-56,209
"9667",5388,"Hyafin1",90.714,140,11,2,1,139,417,555,7.15e-49,185
"9668",5398,"Acema1",93.548,155,6,4,1,153,431,583,1.17e-61,228
"9669",5401,"Purli1",89.61,154,6,8,31,181,397,543,2.4e-49,187
"9672",5408,"Melbi2",91.613,155,12,1,1,155,322,475,3.33e-57,213
"9674",5415,"Colch1",75.74,169,21,17,1,153,348,512,2.7e-13,67.6
"9675",5424,"Melbi2",94.161,137,7,1,1,137,322,457,1.54e-55,207
"9676",5437,"Bimnz1",88.415,164,17,2,1,162,366,529,3.52e-52,196
"9678",5439,"HyprubER1909_1",100,165,0,0,1,165,371,535,5.89e-85,305
"9679",5439,"Hyprub1",100,165,0,0,1,165,371,535,5.89e-85,305
"9680",5446,"Chagl1",84.848,132,14,5,1,130,332,459,1.31e-31,128
"9681",5452,"Melbi2",87.179,156,15,5,1,153,322,475,5.57e-45,172
"9684",5463,"Melbi2",90.299,134,10,3,1,132,322,454,5.4e-45,172
"9687",5469,"Melbi2",90.385,156,10,5,1,153,322,475,2.55e-53,200
"9689",5479,"Hyafin1",85.106,141,18,3,1,140,417,555,1.59e-35,141
"9691",5483,"Melbi2",91.176,136,10,2,1,135,322,456,2.59e-48,183
"9692",5484,"Amore1",80.272,147,21,8,1,145,422,562,2.09e-24,104
"9693",5487,"MoscN6426_1",81.148,122,8,8,1,112,307,423,1.89e-18,84.2
"9708",5495,"Debfa1",85.096,208,15,14,1,197,382,584,1.22e-52,198
"9709",5495,"Debfab1",85.096,208,15,14,1,197,382,584,1.22e-52,198
"9710",5495,"Debsub1",85.096,208,15,14,1,197,406,608,1.22e-52,198
"9720",5502,"Pengl1",95.349,172,3,2,1,171,337,504,7.82e-74,268
"9953",5520,"Diahe1",76.596,141,16,16,1,127,367,504,1.23e-11,62.1
"9954",5536,"Melbi2",90.278,144,8,5,1,142,322,461,2.65e-48,183
"9956",5541,"Hyafin1",83.439,157,16,10,1,152,417,568,2.02e-34,137
"9957",5542,"Melbi2",79.245,159,24,8,1,155,322,475,7.52e-24,102
"9959",5543,"Rhyag1",92.405,158,10,2,1,157,486,642,1.56e-60,224
"9961",5544,"Melbi2",89.308,159,9,7,1,156,322,475,4.37e-51,193
"9963",5561,"Exoalc1",85.621,153,19,3,1,153,362,511,2.01e-40,158
"9964",5561,"Exoalc1_J33",85.621,153,19,3,1,153,362,511,2.01e-40,158
"9968",5566,"AurpulNBB1",97.959,147,3,0,1,147,340,486,5.81e-70,255
"9969",5566,"Aurpu_var_pul1",97.959,147,3,0,1,147,340,486,5.81e-70,255
"9970",5566,"Aurpu1",97.959,147,3,0,1,147,340,486,5.81e-70,255
"9971",5579,"Horwer1",82.353,153,18,9,1,150,311,457,1.65e-30,124
"9972",5589,"Melbi2",91.724,145,9,3,12,155,333,475,9.32e-53,198
"9976",5591,"Penmal1",97.315,149,1,3,1,147,339,486,2.85e-68,250
"10211",5594,"Tribre1",95.429,175,8,0,1,175,350,524,3.71e-77,279
"10212",5594,"Tribrev1",95.429,175,8,0,1,175,350,524,3.71e-77,279
"10269",5595,"Melbi2",91.367,139,10,2,1,139,322,458,5.61e-50,189
"10270",5617,"Melbi2",92.143,140,6,5,1,138,322,458,4.34e-51,193
"10272",5621,"Amore1",86.232,138,16,3,1,137,422,557,3.37e-37,147
"10273",5623,"HyprubER1909_1",79.012,162,20,10,1,158,371,522,1.11e-22,99
"10274",5623,"Hyprub1",79.012,162,20,10,1,158,371,522,1.11e-22,99
"10275",5626,"Psever1",86.335,161,14,7,1,155,339,497,7.31e-44,169
"10278",5631,"Triveli1",98.742,159,2,0,1,159,367,525,2.94e-78,283
"10279",5631,"Trivel1",98.742,159,2,0,1,159,367,525,2.94e-78,283
"10336",5648,"Melbi2",88.961,154,14,3,1,151,322,475,1.96e-49,187
"10339",5651,"Melbi2",92.308,156,9,3,1,155,322,475,7.16e-59,219
"10341",5665,"Extant1",79.221,154,26,6,1,150,305,456,7.24e-24,102
"10342",5668,"MogaNVP60_1",90.517,116,7,3,1,116,457,568,1.92e-38,150
"10343",5668,"Morgam1",90.517,116,7,3,1,116,457,568,1.92e-38,150
"10344",5668,"MogaAD045_1",90.517,116,7,3,1,116,457,568,1.92e-38,150
"10347",5670,"Melbi2",88.961,154,13,4,1,150,322,475,1.94e-49,187
"10348",5681,"Hyafin1",84.507,142,17,5,1,140,417,555,7.36e-34,135
"10349",5689,"Venin1",97.872,141,3,0,1,141,340,480,1.21e-66,244
"10350",5690,"Hyafin1",87.681,138,14,3,1,137,417,552,1.57e-40,158
"10352",5705,"Claim1",84.896,192,19,9,1,186,363,550,8.9e-49,185
"10357",5724,"Melbi2",84.472,161,16,8,1,159,322,475,2.72e-38,150
"10358",5727,"Didma1",78.443,167,28,8,1,162,299,462,7.9e-24,102
"10359",5734,"Cybja1",100,186,0,0,1,186,303,488,1.39e-96,344
"10360",5741,"Melbi2",84.906,159,17,6,1,157,322,475,2.08e-39,154
"10362",5759,"Melbi2",89.032,155,15,2,1,154,322,475,1.55e-50,191
"10364",5771,"Tolinf1",93.571,140,3,5,37,176,347,480,2.31e-54,204
"10368",5775,"Melbi2",87.662,154,16,3,1,151,322,475,4.24e-46,176
"10370",5779,"Melbi2",91.304,138,10,2,1,137,322,458,1.99e-49,187
"10372",5784,"Melbi2",87.261,157,15,5,1,155,322,475,1.57e-45,174
"10373",5785,"Psever1",84.768,151,18,5,1,148,339,487,3.45e-37,147
"10374",5792,"Exoxe1",89.412,170,11,6,1,168,351,515,1.88e-55,207
"10378",5801,"Melbi2",88.732,142,12,4,1,140,322,461,2.03e-44,171
"10380",5803,"Melbi2",90.323,155,12,3,1,153,322,475,2.55e-53,200
"10382",5804,"Psever1",91.824,159,10,3,1,156,339,497,7.21e-59,219
"10383",5807,"Melbi2",90.647,139,10,3,1,137,322,459,9.18e-48,182
"10384",5817,"Amore1",81.818,143,19,7,1,141,422,559,3.47e-27,113
"10385",5818,"Dipgro1",92.308,182,0,1,1,168,376,557,3.59e-67,246
"10386",5827,"Claim1",82,200,22,9,1,198,363,550,2.08e-40,158
"10388",5833,"Extant1",86.452,155,13,8,1,150,305,456,3.28e-42,163
"10389",5848,"Plucer1",92.821,195,12,2,1,194,440,633,1.16e-77,281
"10390",5863,"Pilidi1",84.118,170,18,8,1,164,368,534,6.31e-40,156
"10391",5865,"Claim1",85.938,192,17,10,1,186,363,550,4.11e-52,196
"10392",5884,"Melbi2",93.793,145,8,1,1,144,322,466,2.5e-58,217
"10394",5890,"Exome1",80,180,21,11,24,198,386,555,9.81e-29,119
"10395",5892,"Chale1",87.273,165,15,5,1,161,462,624,2.72e-48,183
"10401",5893,"Flaful1",83.66,153,20,5,1,150,342,492,6.15e-35,139
"10402",5903,"Venin1",92.199,141,10,1,1,140,340,480,9.46e-53,198
"10403",5906,"Amore1",81.429,140,20,6,1,138,422,557,4.53e-26,110
"10404",5909,"Traver1",81.977,172,24,4,1,166,406,576,7.66e-35,139
"10405",5920,"Melbi2",85.185,135,15,5,1,132,322,454,2.57e-33,134
"10406",5924,"Cucbe1",77.193,171,24,11,2,163,312,476,8.01e-19,86.1
"10407",5926,"Acema1",85.161,155,19,4,1,153,431,583,5.61e-40,156
"10408",5931,"Aspten1",100,174,0,0,1,174,303,476,6.04e-90,322
"10409",5931,"Aspjen1",100,174,0,0,1,174,320,493,6.04e-90,322
"10625",5934,"Hyafin1",90.345,145,13,1,1,144,417,561,5.57e-50,189
"10626",5936,"Melbi2",86.538,156,16,5,1,153,322,475,2.59e-43,167
"10640",5942,"Pcas15300_1",94.904,157,6,2,1,157,339,493,1.34e-66,244
"10641",5942,"Pbif18567_1",94.904,157,6,2,1,157,339,493,1.34e-66,244
"10642",5942,"Pbif18543_1",94.904,157,6,2,1,157,339,493,1.34e-66,244
"10867",5946,"Mytre1",86.286,175,14,10,1,167,430,602,1.02e-47,182
"10870",5947,"Exoalc1",83.041,171,19,9,1,164,362,529,4.32e-37,147
"10871",5947,"Exoalc1_J33",83.041,171,19,9,1,164,362,529,4.32e-37,147
"10873",5955,"Melbi2",91.026,156,10,4,1,154,322,475,1.54e-55,207
"10875",5965,"Ocuya1",83.019,159,20,7,1,154,426,582,2.05e-34,137
"10876",5972,"Melbi2",87.821,156,14,4,1,153,322,475,1.2e-46,178
"10878",5974,"Acema1",90.26,154,13,2,1,153,431,583,2.55e-53,200
"10879",5977,"Colfa1",76.786,168,21,14,1,154,341,504,1.26e-16,78.7
"10880",5988,"Exosi1",82.927,164,22,4,1,162,350,509,5.85e-36,143
"10881",6007,"Tricae1",82.941,170,18,10,1,167,364,525,5.37e-36,143
"10882",6008,"Extant1",75.484,155,30,7,1,150,305,456,7.35e-14,69.4
"10883",6012,"Aspres1",91.525,177,7,4,1,177,346,514,2.58e-64,237
"10959",6019,"Melbi2",89.726,146,14,1,1,146,322,466,7.15e-49,185
"10963",6032,"Fusavent1",89.172,157,13,4,1,155,337,491,4.94e-51,193
"10966",6034,"Dipgro1",98.352,182,3,0,1,182,376,557,2.28e-89,320
"10967",6044,"Psever1",78.723,141,24,6,1,138,339,476,5.94e-20,89.8
"10968",6053,"Melbi2",90.968,155,13,1,1,155,322,475,1.55e-55,207
"10969",6080,"Wican1",88.442,199,19,4,1,196,332,529,7.14e-65,239
"10970",6084,"Paront1",95.858,169,5,2,1,168,324,491,5.93e-75,272
"10973",6101,"Amore1",81.507,146,19,8,1,144,422,561,3.45e-27,113
"10974",6109,"MogaNVP60_1",99.107,112,1,0,1,112,457,568,5.01e-54,202
"10975",6109,"Morgam1",99.107,112,1,0,1,112,457,568,5.01e-54,202
"10976",6109,"MogaAD045_1",99.107,112,1,0,1,112,457,568,5.01e-54,202
"10981",6113,"Purli1",93.631,157,7,3,1,154,374,530,9.93e-63,231
"10983",6132,"Claim1",86.458,192,14,10,1,184,363,550,3.14e-53,200
"10984",6143,"Melbi2",91.096,146,11,2,1,145,322,466,3.28e-52,196
"10986",6152,"Ocuya1",81.875,160,20,8,1,154,426,582,4.43e-31,126
"10987",6165,"Claim1",85.185,162,18,6,1,157,363,523,1.46e-41,161
"10992",6168,"Darbet1",84.667,150,19,4,1,149,379,525,3.65e-37,147
"10995",6176,"Amore1",81.295,139,19,7,1,137,422,555,5.85e-25,106
"10996",6185,"Melbi2",90.604,149,8,6,1,147,322,466,4.31e-51,193
"11002",6194,"Tripar1",90.909,165,11,4,1,164,411,572,8.36e-59,219
"11003",6194,"TrireRUTC30_1",90.909,165,11,4,1,164,423,584,8.36e-59,219
"11004",6194,"TrireMAT12_1",90.909,165,11,4,1,164,423,584,8.36e-59,219
"11005",6194,"TrireMAT11_1",90.909,165,11,4,1,164,423,584,8.36e-59,219
"11006",6194,"Trici4",90.909,165,11,4,1,164,428,589,8.36e-59,219
"11043",6200,"Melbi2",95.683,139,6,0,1,139,322,460,1.48e-60,224
"11045",6208,"Melbi2",92.903,155,8,3,1,153,322,475,5.45e-60,222
"11047",6209,"Cucbe1",78.169,142,22,8,10,146,319,456,1.02e-17,82.4
"11048",6210,"Trigam1",98.857,175,1,1,1,174,340,514,1.36e-86,311
"11049",6210,"Trikon1",98.857,175,1,1,1,174,337,511,1.36e-86,311
"11106",6220,"Amore1",82.166,157,21,6,1,157,422,571,1.26e-31,128
"11107",6226,"Psever1",80.519,154,22,8,1,150,339,488,1.27e-26,111
"11108",6230,"Extant1",79.355,155,26,5,1,152,305,456,2.04e-24,104
"11109",6249,"Claim1",88.482,191,12,9,1,184,363,550,6.7e-60,222
"11110",6260,"Melbi2",95.522,134,5,1,1,134,322,454,3.23e-57,213
"11111",6262,"Nemabo1",83.333,174,18,8,1,165,444,615,2.84e-38,150
"11112",6271,"Melbi2",87.898,157,13,6,1,154,322,475,3.35e-47,180
"11114",6273,"Botdo1_1",80.882,136,22,4,1,133,346,480,2.17e-24,104
"11115",6281,"Aspchr1",82.32,181,20,9,1,176,331,504,3.95e-37,147
"11117",6283,"Melbi2",92.308,143,9,2,1,142,322,463,7.05e-54,202
"11118",6288,"Cucbe1",89.82,167,14,3,1,165,311,476,1.28e-56,211
"11119",6289,"Xylbam139988_1",89.82,167,13,3,1,163,364,530,1.27e-56,211
"11123",6296,"Hyafin1",87.943,141,14,3,1,140,417,555,3.33e-42,163
"11125",6304,"Amore1",84.076,157,15,7,1,154,422,571,4.4e-36,143
"11126",6317,"Melbi2",92.806,139,8,2,1,139,322,458,2.59e-53,200
"11127",6322,"Purli1",99.351,154,1,0,1,154,374,527,3.66e-77,279
"11129",6323,"Acema1",94.928,138,6,1,1,138,431,567,9.26e-58,215
"11130",6332,"Hyafin1",83.803,142,19,4,1,141,417,555,9.45e-33,132
"11132",6339,"Amore1",90.511,137,11,2,1,136,422,557,3.25e-47,180
"11133",6342,"Theglo1",81.25,160,21,9,1,153,323,480,2.05e-29,121
"11134",6346,"Paront1",92.262,168,11,2,1,166,324,491,2.13e-64,237
"11136",6349,"Amore1",85.821,134,16,3,1,133,422,553,5.61e-35,139
"11137",6376,"Melbi2",90.968,155,12,2,1,154,322,475,1.54e-55,207
"11138",6389,"Melbi2",90.511,137,7,5,1,135,322,454,4.27e-46,176
"11141",6391,"Dacma1",89.634,164,16,1,1,163,291,454,1.7e-55,207
"11146",6433,"Parsa1",87.805,123,7,6,1,115,361,483,1.48e-34,137
"11147",6436,"Clasph1",87.5,152,15,4,1,150,321,470,5.98e-45,172
"11149",6449,"Melbi2",90.323,155,13,2,1,154,322,475,7.15e-54,202
"11151",6461,"Daral1",89.262,149,15,1,1,149,380,527,7.73e-49,185
"11152",6461,"Daralp1",89.262,149,15,1,1,149,380,527,7.73e-49,185
"11156",6467,"Melbi2",87.261,157,13,7,1,153,322,475,5.57e-45,172
"11160",6469,"Melbi2",92.357,157,7,5,1,155,322,475,7.16e-59,219
"11162",6478,"Pengl1",95.238,168,8,0,1,168,337,504,2.76e-73,267
"11359",6482,"Hyafin1",87.586,145,15,3,1,144,417,559,9.32e-43,165
"11361",6486,"Melbi2",90.968,155,12,2,1,154,322,475,1.54e-55,207
"11362",6488,"Darbet1",90.968,155,11,3,1,154,379,531,5.98e-55,206
"11366",6489,"Melbi2",91.026,156,11,3,1,155,322,475,1.55e-55,207
"11368",6495,"Melbi2",87.821,156,15,4,1,154,322,475,3.35e-47,180
"11370",6513,"Claim1",84.848,165,16,7,1,160,363,523,1.91e-40,158
"11371",6514,"Phiglo1",90.123,162,16,0,1,162,298,459,1.26e-56,211
"11372",6537,"Didma1",89.157,166,14,4,1,164,299,462,2.14e-54,204
"11373",6540,"Talat1",94.595,148,6,2,1,146,304,451,1.33e-61,228
"11410",6544,"Melbi2",94.03,134,7,1,1,134,322,454,7.1e-54,202
"11411",6550,"Melbi2",93.478,138,8,1,1,138,322,458,2.03e-54,204
"11412",6560,"Exosi1",85.629,167,20,3,1,164,350,515,6.85e-45,172
"11413",6573,"Hyafin1",87.662,154,15,4,1,152,417,568,4.27e-46,176
"11414",6589,"Hyafin1",87.097,155,15,4,1,153,417,568,2e-44,171
"11415",6591,"Hyafin1",83.544,158,19,6,1,157,417,568,1.62e-35,141
"11417",6600,"Bimnz1",87.879,165,17,3,1,163,366,529,1.65e-50,191
"11418",6601,"Exoxe1",88.889,171,11,5,1,169,351,515,2.47e-54,204
"11424",6602,"Ganleu1",93.855,179,5,6,1,176,357,532,1.22e-72,265
"11425",6608,"Melbi2",93.548,155,8,2,1,154,322,475,3.28e-62,230
"11427",6610,"Theglo1",84.768,151,18,5,1,148,323,471,3.47e-37,147
"11428",6613,"Melbi2",86.538,156,16,5,1,153,322,475,2.59e-43,167
"11430",6631,"Melbi2",89.13,138,10,4,12,147,334,468,2.63e-43,167
"11432",6634,"Triveli1",98.83,171,2,0,1,171,367,537,6.27e-85,305
"11433",6634,"Trivel1",98.83,171,2,0,1,171,367,537,6.27e-85,305
"11490",6644,"Parchr1",96.667,150,5,0,1,150,353,502,2.44e-68,250
"11491",6644,"Parch1",96.667,150,5,0,1,150,353,502,2.44e-68,250
"11492",6645,"Fusavent1",86.034,179,15,8,1,171,337,513,2.92e-48,183
"11494",6651,"Flaful1",84.247,146,17,5,1,140,342,487,2.14e-34,137
"11495",6654,"Ocuya1",84.615,143,17,5,1,140,426,566,2.03e-34,137
"11496",6665,"Pilidi1",87.059,170,14,6,1,165,368,534,8.11e-49,185
"11499",6667,"Acema1",81.529,157,22,6,1,154,431,583,5.73e-30,122
"11500",6680,"Theglo1",77.922,154,26,7,1,149,323,473,1.66e-20,91.6
"11501",6689,"Extant1",78.621,145,17,12,1,137,305,443,2.64e-18,84.2
"11502",6691,"Flaful1",81.646,158,15,11,1,156,342,487,8.77e-29,119
"11503",6709,"Exosi1",82.738,168,15,9,1,162,350,509,2.65e-34,137
"11506",6728,"Claim1",86.585,164,17,5,1,163,363,522,5.87e-46,176
"11509",6752,"Horwer1",83.803,142,18,5,1,139,311,450,3.4e-32,130
"11511",6754,"Daral1",81.429,140,18,7,1,138,380,513,1.73e-25,108
"11512",6754,"Daralp1",81.429,140,18,7,1,138,380,513,1.73e-25,108
"11513",6758,"Melbi2",88.158,152,15,3,4,152,324,475,1.19e-46,178
"11515",6777,"Melbi2",88.652,141,13,3,1,140,322,460,7.31e-44,169
"11516",6782,"Amore1",86.928,153,15,5,1,151,422,571,2.55e-43,167
"11517",6798,"Ocuya1",85.235,149,14,8,1,143,426,572,3.3e-37,147
"11518",6806,"Venin1",94.203,138,7,1,1,137,340,477,4.28e-56,209
"11519",6832,"Parchr1",88.889,162,6,5,1,162,353,502,5.9e-50,189
"11520",6832,"Parch1",88.889,162,6,5,1,162,353,502,5.9e-50,189
"11521",6837,"Exoalc1",88.816,152,14,2,1,152,363,511,3.26e-48,183
"11522",6837,"Exoalc1_J33",88.816,152,14,2,1,152,363,511,3.26e-48,183
"11527",6847,"Altro1",96.471,170,3,1,1,170,375,541,1.29e-76,278
"11534",6912,"Amore1",81.379,145,21,6,1,143,422,562,3.4e-27,113
"11535",6917,"Claim1",86.145,166,13,8,1,161,363,523,2.54e-44,171
"11536",6919,"Melbi2",92.481,133,9,1,1,132,322,454,5.49e-50,189
"11537",6924,"Apibac1",81.325,166,22,9,1,162,314,474,4.69e-31,126
"11539",6932,"Dacma1",87.647,170,13,5,1,168,291,454,1.76e-50,191
"11543",6941,"Melbi2",88.158,152,14,4,4,151,324,475,1.18e-46,178
"11545",6951,"MoscN6426_1",84.247,146,15,4,1,138,307,452,6.56e-34,135
"11547",6960,"Rhoglu91_1",79.638,221,34,10,1,214,335,551,1.36e-37,148
"11548",6960,"Rhoglu1",79.638,221,34,10,1,214,335,551,1.36e-37,148
"11549",6961,"Tricer1",98.315,178,3,0,1,178,363,540,3.73e-87,313
"11550",6961,"Trispi1_2",98.315,178,1,2,1,178,405,580,1.34e-86,311
"11608",6982,"Talis1",94.022,184,7,3,1,181,367,549,4.98e-76,276
"11609",6997,"Fusso1",83.14,172,18,7,1,164,359,527,3.92e-37,147
"11610",7013,"Phcapit2",92.994,157,10,1,1,156,415,571,1.33e-61,228
"11611",7013,"Phcapi1",92.994,157,10,1,1,156,415,571,1.33e-61,228
"11612",7013,"Pcapi1",92.994,157,10,1,1,156,415,571,1.33e-61,228
"11613",7013,"Phycap1",92.994,157,10,1,1,156,415,571,1.33e-61,228
"11614",7013,"Phcap1",92.994,157,10,1,1,156,415,571,1.33e-61,228
"11615",7013,"Phycapi2",92.994,157,10,1,1,156,415,571,1.33e-61,228
"11625",7013,"Phycit1",92.994,157,7,3,1,154,432,587,4.78e-61,226
"11626",7013,"Pcitr2",92.994,157,7,3,1,154,432,587,4.78e-61,226
"11627",7013,"Pcitri2",92.994,157,7,3,1,154,432,587,4.78e-61,226
"11632",7017,"Acema1",91.558,154,12,1,1,154,431,583,1.19e-56,211
"11633",7020,"Melbi2",88.312,154,16,2,1,152,322,475,2.55e-48,183
"11635",7023,"CocheC4_6",83.529,170,15,7,1,168,465,623,4.17e-37,147
"11636",7023,"ChetHm338_1",83.529,170,15,7,1,168,465,623,4.17e-37,147
"11637",7023,"ChetHAW225_4",83.529,170,15,7,1,168,465,623,4.17e-37,147
"11638",7023,"ChetPR9b_4",83.529,170,15,7,1,168,465,623,4.17e-37,147
"11639",7023,"ChetPR1x412_2",83.529,170,15,7,1,168,465,623,4.17e-37,147
"11641",7025,"Paront1",94.048,168,7,3,1,166,324,490,7.67e-69,252
"11643",7030,"Hyafin1",89.362,141,11,3,1,140,417,554,1.62e-45,174
"11644",7033,"Melbi2",86.624,157,17,4,1,156,322,475,2.05e-44,171
"11645",7062,"Apibac1",85.517,145,17,4,1,143,314,456,9.94e-38,148
"11646",7072,"Talat1",87.838,148,8,3,1,138,304,451,1.01e-42,165
"11676",7077,"Neobo1",92.135,178,8,4,1,176,349,522,3.79e-67,246
"11677",7090,"Hyafin1",96.403,139,5,0,1,139,417,555,3.21e-62,230
"11679",7092,"Debfa1",88.235,204,20,4,1,201,382,584,2.04e-65,241
"11680",7092,"Debfab1",88.235,204,20,4,1,201,382,584,2.04e-65,241
"11681",7092,"Debsub1",88.235,204,20,4,1,201,406,608,2.04e-65,241
"11694",7101,"Melbi2",82.39,159,21,6,1,157,322,475,9.73e-33,132
"11695",7104,"Melbi2",87.179,156,16,4,1,154,322,475,1.56e-45,174
"11697",7108,"Fusfoe1",100,159,0,0,1,159,310,468,1.19e-81,294
"11701",7123,"OphpiCECT20416_2",82.873,181,19,7,1,170,356,535,9.56e-39,152
"11702",7124,"Rhyag1",86.792,159,14,7,1,154,486,642,2.02e-44,171
"11705",7144,"Hyafin1",91.241,137,10,2,1,135,417,553,7.2e-49,185
"11706",7144,"Melbi2",91.241,137,10,2,1,135,322,458,7.2e-49,185
"11709",7150,"Fonmo1",86.982,169,14,7,1,161,368,536,3.3e-48,183
"11714",7166,"Chale1",86.713,143,15,4,1,141,462,602,5.77e-40,156
"11719",7177,"Ocuya1",84.568,162,12,12,1,154,426,582,9.45e-38,148
"11724",7179,"Fonmo1",86.55,171,17,6,1,166,367,536,3.41e-48,183
"11726",7181,"Clasph1",92.5,160,10,2,1,159,321,479,1.22e-61,228
"11727",7182,"Racan1",79.021,143,19,8,1,136,327,465,2.04e-19,87.9
"11728",7183,"Altro1",94.083,169,6,2,1,167,375,541,2.13e-69,254
"11734",7208,"Hyafin1",85.897,156,15,7,1,153,417,568,4.33e-41,159
"11736",7212,"Acema1",87.179,156,14,6,1,153,431,583,5.57e-45,172
"11737",7229,"CocheC4_6",85.276,163,17,6,1,158,465,625,1.37e-41,161
"11738",7229,"ChetHm338_1",85.276,163,17,6,1,158,465,625,1.37e-41,161
"11739",7229,"ChetHAW225_4",85.276,163,17,6,1,158,465,625,1.37e-41,161
"11740",7229,"ChetPR9b_4",85.276,163,17,6,1,158,465,625,1.37e-41,161
"11741",7229,"ChetPR1x412_2",85.276,163,17,6,1,158,465,625,1.37e-41,161
"11742",7234,"Purli1",83.108,148,14,6,26,172,390,527,1.93e-30,124
"11743",7249,"Asphet1",92.715,151,9,1,1,149,367,517,2.99e-58,217
"11814",7271,"Plucer1",94.845,194,8,1,1,192,440,633,8.77e-84,302
"11815",7285,"Theglo1",79.866,149,25,4,1,145,323,470,5.77e-25,106
"11816",7290,"Diohu1",89.362,141,8,6,1,135,297,436,1.75e-44,171
"11817",7295,"Colin1",75,172,28,14,1,164,348,512,1.05e-12,65.8
"11818",7297,"Debfa1",100,203,0,0,1,203,382,584,5.42e-106,375
"11819",7297,"Debfab1",100,203,0,0,1,203,382,584,5.42e-106,375
"11820",7297,"Debsub1",100,203,0,0,1,203,406,608,5.42e-106,375
"11834",7306,"Melbi2",87.671,146,15,3,1,144,322,466,2.59e-43,167
"11835",7313,"Exoalc1",88.506,174,15,3,1,174,362,530,7.48e-55,206
"11836",7313,"Exoalc1_J33",88.506,174,15,3,1,174,362,530,7.48e-55,206
"11837",7317,"Purli1",91.86,172,6,8,1,166,374,543,2.76e-63,233
"11839",7325,"Melbi2",90.909,154,11,3,1,151,322,475,1.95e-54,204
"11841",7327,"Fusavent1",88.462,156,10,5,1,151,337,489,1.07e-47,182
"11843",7338,"Aaoar1",100,166,0,0,1,166,459,624,1.6e-85,307
"11844",7343,"Venin1",89.706,136,12,2,4,137,342,477,5.65e-45,172
"11845",7350,"Sarstr1",81.752,137,23,2,22,157,384,519,3.88e-27,113
"11846",7350,"Acrst1",81.752,137,23,2,22,157,384,519,3.88e-27,113
"11847",7353,"Asppeni1",91.96,199,6,6,1,198,358,547,2.56e-74,270
"11978",7369,"Fusavent1",86.747,166,14,6,1,161,337,499,1.37e-46,178
"11979",7392,"Melbi2",91.558,154,12,1,1,153,322,475,1.18e-56,211
"11981",7393,"Ocuya1",83.648,159,20,6,1,155,426,582,1.23e-36,145
"11982",7414,"Xylbam139988_1",86.982,169,18,4,1,167,364,530,2.19e-49,187
"11988",7415,"Darbet1",90.909,154,10,3,1,151,379,531,2.12e-54,204
"11990",7434,"Xylbam139988_1",78.977,176,24,11,1,172,364,530,1.82e-25,108
"11991",7465,"Truan1",78.481,158,29,4,1,158,355,507,1.05e-22,99
"11992",7474,"Melbi2",88.571,140,12,4,1,138,322,459,2.55e-43,167
"11994",7493,"Papla1",95.745,188,5,3,1,187,297,482,3.06e-83,300
"11995",7501,"Triple1",97.253,182,3,2,1,181,392,572,1.77e-85,307
"11997",7501,"Tripleu1",97.253,182,3,2,1,181,369,549,1.77e-85,307
"11998",7501,"Triam1",97.253,182,3,2,1,181,369,549,1.77e-85,307
"12053",7503,"Exoalc1",89.13,184,17,3,1,182,362,544,5.62e-61,226
"12054",7503,"Exoalc1_J33",89.13,184,17,3,1,182,362,544,5.62e-61,226
"12058",7512,"Melbi2",92.143,140,6,5,1,138,322,458,4.31e-51,193
"12059",7528,"Fonmo1",87.574,169,9,8,1,157,368,536,8.85e-49,185
"12060",7561,"Exosi1",85.976,164,18,5,1,163,350,509,2.7e-44,171
"12061",7571,"Xylbam139988_1",76,175,33,7,1,174,364,530,1.12e-17,82.4
"12062",7577,"Tricec1",93.75,176,9,2,1,175,394,568,3.74e-72,263
"12070",7610,"Psever1",92.617,149,10,1,1,148,339,487,3.33e-57,213
"12072",7613,"Purli1",81.714,175,22,10,1,170,374,543,2.29e-34,137
"12073",7614,"Daral1",88.667,150,14,2,1,149,380,527,3.65e-47,180
"12074",7614,"Daralp1",88.667,150,14,2,1,149,380,527,3.65e-47,180
"12077",7619,"Hyafin1",90.647,139,10,3,1,138,417,553,9.25e-48,182
"12078",7642,"Cybfa1",88.265,196,14,9,1,192,444,634,5.49e-61,226
"12079",7660,"Theglo1",87.248,149,17,2,1,148,323,470,7.52e-44,169
"12080",7692,"Amore1",80.128,156,23,8,1,154,422,571,4.46e-26,110
"12081",7693,"Clasph1",87.654,162,14,5,1,159,321,479,2.69e-48,183
"12083",7711,"Cucbe1",83.929,168,20,7,1,163,311,476,2.17e-39,154
"12084",7715,"Aspcos1",100,176,0,0,1,176,369,544,4.73e-91,326
"12094",7715,"Aspneo1",100,151,0,0,1,151,314,464,3.73e-77,279
"12302",7733,"Melbi2",98.571,140,2,0,1,140,322,461,9.06e-68,248
"12304",7737,"Trigam1",98.266,173,2,1,1,173,340,511,8.32e-84,302
"12305",7737,"Trikon1",98.266,173,2,1,1,173,337,508,8.32e-84,302
"12362",7739,"Ocuya1",85,160,15,9,1,154,426,582,2.03e-39,154
"12363",7823,"Plecuc1",99.438,178,1,0,1,178,303,480,1.72e-90,324
"12364",7823,"Plecu1",99.438,178,1,0,1,178,303,480,1.72e-90,324
"12365",7827,"Pcom16775_1",86.364,176,9,12,5,168,359,531,1.33e-46,178
"12366",7827,"Pcom5150_1",86.364,176,9,12,5,168,359,531,1.33e-46,178
"12444",7830,"Melbi2",87.879,132,12,4,1,130,322,451,7.36e-39,152
"12446",7846,"Tricec1",85.207,169,15,5,1,167,394,554,1.12e-42,165
"12447",7849,"Neobo1",88.068,176,15,4,1,172,349,522,2.25e-54,204
"12450",7854,"Melbi2",89.865,148,12,3,1,146,322,468,2e-49,187
"12452",7855,"Botdo1_1",77.372,137,22,9,1,130,346,480,5.94e-15,73.1
"12453",7865,"Xylbam139988_1",77.64,161,21,13,1,154,364,516,3e-18,84.2
"12454",7891,"Fusavent1",79.885,174,19,10,1,173,337,495,4.36e-27,113
"12459",7907,"Rhyag1",82.911,158,21,5,1,153,486,642,2.03e-34,137
"12460",7910,"Dacma1",84.795,171,17,6,1,169,291,454,3.9e-42,163
"12464",7924,"Ganleu1",93.627,204,7,3,1,198,357,560,3.26e-83,300
"12466",7930,"Exoalc1",87.209,172,18,4,1,172,362,529,5.73e-51,193
"12467",7930,"Exoalc1_J33",87.209,172,18,4,1,172,362,529,5.73e-51,193
"12471",7933,"Hyafin1",88.387,155,14,4,1,154,417,568,2.59e-48,183
"12472",7936,"Purli1",80.46,174,27,7,1,171,374,543,4.98e-31,126
"12490",7939,"Aspsep1",88.667,150,10,3,1,144,307,455,4.81e-46,176
"12668",7974,"Fusla1",95.625,160,5,2,1,159,290,448,5.61e-70,255
"12672",7975,"Exosp1",83.333,162,22,5,1,158,352,512,1.55e-36,145
"12675",7976,"Penbra1",99.435,177,1,0,1,177,339,515,6.15e-90,322
"12891",7998,"Melbi2",90.909,143,12,1,11,152,333,475,1.53e-50,191
"12893",8016,"Horwer1",82.27,141,20,5,1,136,311,451,2.78e-28,117
"12894",8025,"Psever1",92.053,151,9,3,1,149,339,488,4.34e-56,209
"12895",8049,"Melbi2",90.541,148,8,5,1,146,322,465,1.59e-50,191
"12897",8059,"Tripare1",80.928,194,16,13,1,186,370,550,3.27e-33,134
"12898",8069,"Melbi2",80.137,146,19,8,1,139,322,464,2.59e-23,100
"12900",8104,"Fusnyg1",97.688,173,3,1,1,173,331,502,3.64e-82,296
"12903",8110,"Theglo1",91.195,159,10,4,1,156,323,480,9.32e-58,215
"12904",8112,"Penra1",95.349,172,8,0,1,172,356,527,1.69e-75,274
"13123",8119,"Melbi2",88.435,147,13,4,1,145,322,466,1.54e-45,174
"13124",8125,"Chafi1",98.16,163,2,1,1,163,331,492,2.65e-78,283
"13132",8133,"AurpulNBB1",95.918,147,6,0,1,147,340,486,5.85e-65,239
"13133",8133,"Aurpu_var_pul1",95.918,147,6,0,1,147,340,486,5.85e-65,239
"13134",8133,"Aurpu1",95.918,147,6,0,1,147,340,486,5.85e-65,239
"13135",8197,"Cucbe1",89.222,167,15,3,1,165,311,476,5.98e-55,206
"13136",8204,"Triaus1",88.166,169,18,2,1,167,351,519,3.48e-53,200
"13193",8226,"Tricer1",94.41,161,9,0,1,161,363,523,1.07e-67,248
"13237",8254,"Fusavent1",90.385,156,10,5,1,152,337,491,2.88e-53,200
"13242",8255,"Ellano2",94.792,192,6,2,1,192,369,556,4.08e-82,296
"13246",8271,"Asppdef1",100,177,0,0,1,177,320,496,1.32e-91,327
"13247",8271,"Aspins1",100,177,0,0,1,177,320,496,1.32e-91,327
"13462",8280,"Bimnz1",82.39,159,18,10,1,153,366,520,3.52e-32,130
"13464",8285,"Hyafin1",86.525,141,16,3,1,140,417,555,7.31e-39,152
"13466",8295,"Parchr1",80.519,154,15,7,1,153,353,492,2.18e-24,104
"13467",8295,"Parch1",80.519,154,15,7,1,153,353,492,2.18e-24,104
"13468",8313,"Colfa1",76.667,150,24,9,1,140,341,489,5.9e-15,73.1
"13469",8321,"Paront1",91.667,168,11,3,2,167,325,491,3.6e-62,230
"13471",8326,"Fusavent1",85.987,157,14,5,1,152,337,490,1.45e-41,161
"13472",8335,"Extant1",77.419,155,28,6,1,151,305,456,7.35e-19,86.1
"13473",8346,"Sarstr1",83.432,169,23,5,1,165,350,517,8.76e-39,152
"13474",8346,"Acrst1",83.432,169,23,5,1,165,350,517,8.76e-39,152
"13508",8360,"Cucbe1",87.349,166,19,2,1,164,311,476,5.98e-50,189
"13509",8369,"Acema1",88.235,153,18,0,1,153,431,583,2.57e-48,183
"13510",8378,"Hyafin1",90.323,155,12,3,1,155,417,568,2.59e-53,200
"13512",8389,"HaliN2525_1",89.431,123,7,5,1,117,467,589,1.94e-38,150
"13513",8392,"Parchr1",85.455,165,9,6,1,165,353,502,1.7e-40,158
"13514",8392,"Parch1",85.455,165,9,6,1,165,353,502,1.7e-40,158
"13515",8399,"Sodal1",78.723,188,22,13,1,172,283,468,5.31e-26,110
